booking_id,asset_tag,site_id,start,end,operator_id,booked_by,status,notes
BK-1001,ex-005,S06,2026-12-06 06:00,2026-12-07 17:00,OP032,aisha,tentative,
BK-1002,DZ-005,S11,2026-11-11 07:00,2026-11-11 17:00,OP023,Marcus Bell,confirmed,swap w/ EX-004 if down
BK-1003,BL-007,S02,2026-11-17 08:00,2026-11-19 17:00,OP008,Tanya Ruiz,tentative,need rigging crew
BK-1004,EX-011,S05,2027-01-03 07:00,2027-01-03 17:00,OP007,Dana W.,confirmed,swap w/ EX-004 if down
BK-1005,MC-007,S05,2026-11-15T11:00:00Z,2026-11-25T20:00:00Z,OP016,Dale Whitfield,confirmed,confirm w/ Marcus
BK-1006,SS-008,S07,2026-10-10 06:00,2026-10-20 18:00,,Tanya Ruiz,tentative,operator TBD
BK-1007,DZ-005,S11,2026-12-24 07:30,2026-12-24 17:00,OP015,office,tentative,swap w/ EX-004 if down
BK-1008,SL-007,S05,2027-01-04 07:30,2027-01-06 17:00,OP032,aisha,confirmed,CANCELLED?
BK-1009,TH-002,S02,2026-10-03 07:00,2026-10-08 17:00,OP019,aisha,confirmed,
BK-1010,BL-006,S07,2026-10-04 07:00,2026-10-14 17:00,OP006,Marcus Bell,confirmed,swap w/ EX-004 if down
BK-1011,SS-003,S08,2026-10-17 07:00,2026-10-19 17:00,,office,confirmed,
BK-1012,sl-002,S07,2026-12-04 07:30,2026-12-06 17:00,OP016,Dale Whitfield,tentative,swap w/ EX-004 if down
BK-1013,TH-002,S09,2026-12-17 08:00,2027-01-01 17:00,OP040,Dana W.,tentative,
BK-1014,BL-001,S11,2026-10-17 07:00,2026-11-01 17:00,OP026,aisha,confirmed,operator TBD
BK-1015,TH-005 ,S12,2026-11-08 07:00,2026-11-08 18:00,,office,confirmed,
BK-1016,MC-005,S06,2026-10-20 07:00,2026-10-21 16:00,,Hector,confirmed,
BK-1017,TH-004,S05,2026-11-20 07:00,2026-11-25 18:00,OP007,Greg H.,confirmed,
BK-1018,TC-001,S09,2026-11-25 08:00,2026-11-26 18:00,OP025,Tanya Ruiz,confirmed,
BK-1019,MC-003,S04,2026-10-19 07:30,2026-10-20 17:00,OP022,aisha,confirmed,
BK-1020,SL-002,S02,2026-12-08 07:00,2026-12-13 17:00,OP026,Hector,confirmed,need rigging crew
BK-1021,MC-002,S08,10/23/2026,11/07/2026,OP040,Dale Whitfield,confirmed,delivery before 7am - gate code 4471
BK-1022,SS-001,S10,2026-11-18 06:30,2026-11-19 17:00,,office,tentative,delivery before 7am - gate code 4471
BK-1023,EX-001,S01,2026-10-03 08:00,2026-10-04 17:00,,office,confirmed,delivery before 7am - gate code 4471
BK-1024,SS-003 ,S08,2026-12-12 07:30,2026-12-17 18:00,,Greg H.,confirmed,need rigging crew
BK-1025,MC-003,S01,2027-01-14 08:00,2027-01-17 17:00,OP030,office,confirmed,delivery before 7am - gate code 4471
BK-1026,BL-008,S08,2027-01-14 06:00,2027-01-19 17:00,OP025,Hector,confirmed,operator TBD
BK-1027,EX-005,S01,2026-12-17 06:00,2026-12-27 16:00,OP007,Dale Whitfield,confirmed,
BK-1028,TH-007,S03,2026-11-20 06:00,2026-11-30 17:00,,office,confirmed,confirm w/ Marcus
BK-1029,SL-007,S04,2026-11-24 08:00,2026-11-26 17:00,,office,confirmed,swap w/ EX-004 if down
BK-1030,EX-003,S02,11/24/2026 07:00 AM,12/09/2026 05:00 PM,OP016,Greg H.,tentative,
BK-1031,SL-002,S01,2026-12-23 06:00,2026-12-25 18:00,OP018,Hector,confirmed,need rigging crew
BK-1032,SS-008,S05,2027-01-03 07:30,2027-01-18 18:00,,office,tentative,
BK-1033,BL-006,S05,2026-11-26 06:00,2026-12-11 15:00,OP016,Marcus Bell,confirmed,
BK-1034,TH-003,S02,2026-10-18 07:00,2026-10-21 17:00,OP017,Greg H.,tentative,need rigging crew
BK-1035,SL-002,S04,2027-01-09 07:00,2027-01-14 16:00,OP018,Tanya Ruiz,confirmed,
BK-1036,SL-002,S10,2026-11-07 08:00,2026-11-07 15:00,OP013,Tanya Ruiz,tentative,confirm w/ Marcus
BK-1037,DZ-005,S09,2026-10-20 06:00,2026-10-21 18:00,OP015,office,confirmed,confirm w/ Marcus
BK-1038,DZ-002,S05,2026-10-03 08:00,2026-10-03 17:00,OP002,Dana W.,tentative,CANCELLED?
BK-1039,EX-003,S03,2027-01-10 08:30,2027-01-15 15:00,,Dale Whitfield,confirmed,
BK-1040,SL-002,S04,10/09/2026 07:00 AM,10/14/2026 04:00 PM,OP017,Dana W.,tentative,
BK-1041,BL-008,S03,2026-12-08 07:00,2026-12-23 16:00,OP017,Tanya Ruiz,confirmed,delivery before 7am - gate code 4471
BK-1042,SL-007,S08,2026-12-04 08:30,2026-12-05 16:00,OP017,Dana W.,cancelled,CANCELLED?
BK-1043,TH-006,S11,2026-12-02 07:00,2026-12-04 17:00,OP007,Greg H.,confirmed,operator TBD
BK-1044,EX-011,S02,2026-10-28 08:00,2026-10-29 16:00,OP015,aisha,tentative,
BK-1045,EX-004 ,S07,2026-11-08 07:00,2026-11-13 18:00,OP013,Dana W.,confirmed,
BK-1046,TH-002,S12,01/06/2027,01/07/2027,OP024,Greg H.,confirmed,delivery before 7am - gate code 4471
BK-1047,MC-004 ,S12,2026-12-04 07:30,2026-12-19 17:00,OP024,Tanya Ruiz,confirmed,
BK-1048,MC-001,S07,2026-10-11 07:30,2026-10-16 16:00,OP040,Tanya Ruiz,tentative,delivery before 7am - gate code 4471
BK-1049,SS-005,S10,2026-11-02 08:30,2026-11-03 15:00,,Tanya Ruiz,confirmed,
BK-1050,SS-008,S01,2026-12-21 07:00,2026-12-26 18:00,,Hector,confirmed,confirm w/ Marcus
BK-1051,EX-007,S09,2026-11-18 07:00,2026-11-23 17:00,OP018,Dale Whitfield,confirmed,confirm w/ Marcus
BK-1052,DZ-002,S10,2027-01-07 08:30,2027-01-09 17:00,,Dale Whitfield,confirmed,operator TBD
BK-1053,EX-003,S05,2026-10-18 07:00,2026-10-19 15:00,OP040,Dale Whitfield,confirmed,
BK-1054,tc-002,S12,01/01/2027 07:00 AM,01/01/2027 06:00 PM,OP021,Marcus Bell,confirmed,confirm w/ Marcus
BK-1055,BL-004,S08,2026-10-29 08:00,2026-11-01 16:00,OP023,Dale Whitfield,confirmed,need rigging crew
BK-1056,TH-003,S03,2026-12-21 07:30,2026-12-22 16:00,OP017,aisha,tentative,delivery before 7am - gate code 4471
BK-1057,TH-001,S11,2026-12-19 07:30,2026-12-22 15:00,OP022,Dale Whitfield,confirmed,operator TBD
BK-1058,SS-005,S02,10/17/2026 07:00 AM,10/22/2026 06:00 PM,,aisha,tentative,operator TBD
BK-1059,BL-002,S02,2026-11-24 08:00,2026-11-27 17:00,OP031,Dale Whitfield,confirmed,swap w/ EX-004 if down
BK-1060,SS-005,S02,2027-01-01 06:00,2027-01-06 17:00,,office,confirmed,delivery before 7am - gate code 4471
BK-1061,SS-007,S02,2026-11-21 07:00,2026-12-01 17:00,,Greg H.,confirmed,
BK-1062,EX-002 ,S12,2026-11-22 07:00,2026-11-22 18:00,OP026,Greg H.,tentative,CANCELLED?
BK-1063,TH-006,S10,10/31/2026 06:00 AM,11/01/2026 05:00 PM,OP035,aisha,confirmed,delivery before 7am - gate code 4471
BK-1064,TH-006,S06,2027-01-05 07:30,2027-01-07 17:00,OP017,office,confirmed,
BK-1065,mc-002,S04,12/17/2026,12/19/2026,,Dana W.,tentative,operator TBD
BK-1066,TH-003,S01,2027-01-01 07:00,2027-01-03 18:00,,Greg H.,confirmed,delivery before 7am - gate code 4471
BK-1067,EX-009,S11,2026-12-10T11:30:00Z,2026-12-12T22:00:00Z,OP016,Dale Whitfield,confirmed,delivery before 7am - gate code 4471
BK-1068,SL-003,S05,12/30/2026 07:30 AM,01/14/2027 05:00 PM,,Dale Whitfield,confirmed,swap w/ EX-004 if down
BK-1069,SS-008,S02,2026-11-11 07:30,2026-11-12 17:00,,aisha,tentative,confirm w/ Marcus
BK-1070,EX-003,S11,2026-10-05 07:00,2026-10-07 17:00,OP007,Tanya Ruiz,confirmed,
BK-1071,SL-001,S05,2026-12-01 07:00,2026-12-06 16:00,OP022,Dale Whitfield,confirmed,
BK-1072,EX-012,S11,2026-11-26 08:00,2026-12-11 15:00,,Dana W.,confirmed,confirm w/ Marcus
BK-1073,DZ-005,S10,2026-11-15 06:00,2026-11-30 16:00,OP028,Dale Whitfield,tentative,confirm w/ Marcus
BK-1074,BL-008,S07,2026-11-24 08:30,2026-12-04 16:00,OP014,Tanya Ruiz,confirmed,
BK-1075,SS-001,S05,2026-12-20 07:00,2026-12-30 17:00,,Greg H.,confirmed,delivery before 7am - gate code 4471
BK-1076,DZ-001,S08,10/09/2026 08:00 AM,10/12/2026 05:00 PM,OP009,Hector,tentative,
BK-1077,TH-007,S04,2026-10-05 07:00,2026-10-10 17:00,OP005,Dana W.,confirmed,
BK-1078,SS-007,S09,2026-12-18 07:00,2026-12-21 17:00,,aisha,tentative,need rigging crew
BK-1079,EX-012,S11,2026-11-18 08:00,2026-11-23 17:00,OP030,Dale Whitfield,confirmed,confirm w/ Marcus
BK-1080,DZ-005,S02,2026-12-25 08:00,2026-12-27 17:00,OP009,Greg H.,confirmed,
BK-1081,SL-002,S10,10/02/2026 07:00 AM,10/02/2026 06:00 PM,OP025,Marcus Bell,confirmed,need rigging crew
BK-1082,BL-007,S06,2026-10-27 07:00,2026-10-29 18:00,OP031,office,confirmed,delivery before 7am - gate code 4471
BK-1083,SS-006,S11,2027-01-12 07:30,2027-01-12 18:00,,aisha,confirmed,need rigging crew
BK-1084,SL-007,S06,2026-11-13 08:30,2026-11-14 16:00,OP033,Dale Whitfield,confirmed,
BK-1085,SL-008,S03,2027-01-03 08:30,2027-01-08 16:00,,Hector,confirmed,
BK-1086,MC-002,S11,2026-12-16 07:00,2026-12-17 17:00,OP038,Dana W.,tentative,delivery before 7am - gate code 4471
BK-1087,MC-003,S07,12/04/2026 08:30 AM,12/09/2026 03:00 PM,,Dale Whitfield,confirmed,
BK-1088,BL-004,S11,2026-12-14 07:00,2026-12-14 18:00,OP030,office,tentative,
BK-1089,SL-001,S11,2027-01-10 08:00,2027-01-12 17:00,OP017,Dale Whitfield,confirmed,
BK-1090,BL-008,S03,10/30/2026,11/01/2026,OP013,Dale Whitfield,confirmed,
BK-1091,TH-007,S05,2026-12-27 08:00,2026-12-28 16:00,OP017,Marcus Bell,confirmed,confirm w/ Marcus
BK-1092,SS-004,S01,2027-01-10 07:00,2027-01-15 16:00,,office,confirmed,need rigging crew
BK-1093,TH-002,S09,2026-11-12 07:00,2026-11-12 17:00,OP026,office,tentative,
BK-1094,TH-003,S12,2026-11-05 08:30,2026-11-10 18:00,OP026,Tanya Ruiz,confirmed,operator TBD
BK-1095,SS-008,S05,2026-12-28 08:00,2027-01-02 18:00,,Hector,cancelled,CANCELLED?
BK-1096,BL-001,S06,2027-01-09 07:30,2027-01-12 17:00,OP022,office,confirmed,swap w/ EX-004 if down
BK-1097,TH-004,S05,2026-12-19 07:00,2026-12-24 18:00,OP028,Greg H.,confirmed,confirm w/ Marcus
BK-1098,BL-005 ,S06,2026-10-23 06:30,2026-11-02 18:00,OP022,Marcus Bell,cancelled,CANCELLED?
BK-1099,BL-007,S10,2026-12-10 07:00,2026-12-10 18:00,OP014,Tanya Ruiz,cancelled,CANCELLED?
BK-1100,SL-008,S04,2026-10-27 06:00,2026-11-01 17:00,OP032,Greg H.,confirmed,
BK-1101,BL-003,S06,2027-01-15 07:00,2027-01-25 17:00,OP032,Marcus Bell,confirmed,operator TBD
BK-1102,EX-002,S07,2026-10-18 07:30,2026-10-20 15:00,OP015,Dana W.,confirmed,
BK-1103,bl-009,S12,12/02/2026 08:00 AM,12/12/2026 05:00 PM,OP019,Dale Whitfield,confirmed,
BK-1104,SL-007,S01,12/09/2026,12/11/2026,OP026,Dana W.,confirmed,
BK-1105,TH-002,S07,2027-01-02 07:00,2027-01-05 17:00,OP031,Greg H.,tentative,need rigging crew
BK-1106,SS-003,S05,2026-10-05 07:00,2026-10-15 17:00,,aisha,confirmed,CANCELLED?
BK-1107,EX-012,S07,2026-09-30 07:00,2026-10-03 17:00,,Marcus Bell,confirmed,
BK-1108,EX-012,S04,2026-12-21 06:00,2026-12-26 17:00,OP025,aisha,confirmed,
BK-1109,EX-002,S09,2026-12-12 07:30,2026-12-13 16:00,OP025,Tanya Ruiz,tentative,swap w/ EX-004 if down
BK-1110,TC-002,S04,2027-01-09 08:00,2027-01-10 17:00,,Hector,tentative,
BK-1111,EX-005,S07,2026-11-08 07:00,2026-11-08 15:00,OP025,aisha,confirmed,confirm w/ Marcus
BK-1112,TH-004,S08,2027-01-06 07:30,2027-01-06 16:00,OP024,Greg H.,confirmed,
BK-1113,SS-006,S11,2026-11-01 08:30,2026-11-01 15:00,,Marcus Bell,tentative,confirm w/ Marcus
BK-1114,EX-010,S04,12/07/2026,12/10/2026,OP003,Tanya Ruiz,confirmed,need rigging crew
BK-1115,BL-007,S01,2026-12-14 07:00,2026-12-14 17:00,,Dale Whitfield,confirmed,operator TBD
BK-1116,TC-001,S07,2026-12-12T11:30:00Z,2026-12-12T19:00:00Z,OP010,Dana W.,confirmed,
BK-1117,MC-007,S11,2027-01-01 07:00,2027-01-03 17:00,OP030,Tanya Ruiz,tentative,
BK-1118,EX-003,S11,2026-12-18 07:30,2026-12-28 18:00,OP040,Hector,confirmed,CANCELLED?
BK-1119,MC-007,S02,2026-11-12 07:30,2026-11-12 17:00,OP037,Dana W.,confirmed,swap w/ EX-004 if down
BK-1120,MC-001,S07,2026-12-29 07:00,2027-01-03 15:00,OP038,office,confirmed,
BK-1121,SL-004,S09,2026-11-16 07:00,2026-11-26 16:00,,Hector,tentative,CANCELLED?
BK-1122,DZ-002,S02,2026-10-08 07:00,2026-10-18 15:00,OP023,Greg H.,confirmed,CANCELLED?
BK-1123,DZ-002,S01,2026-12-08 07:00,2026-12-11 17:00,OP037,aisha,confirmed,
BK-1124,BL-004,S04,2026-11-15 08:30,2026-11-20 17:00,OP018,Hector,confirmed,delivery before 7am - gate code 4471
BK-1125,DZ-004,S10,10/05/2026,10/08/2026,,office,cancelled,CANCELLED?
BK-1126,MC-003,S04,2026-10-28 07:00,2026-11-12 15:00,OP035,Tanya Ruiz,confirmed,
BK-1127,SS-006,S10,2027-01-22T11:00:00Z,2027-01-24T22:00:00Z,,Tanya Ruiz,confirmed,operator TBD
BK-1128,BL-003,S04,2027-01-12 07:00,2027-01-12 17:00,OP025,Marcus Bell,confirmed,
BK-1129,TH-003,S04,2026-12-26 08:30,2026-12-29 18:00,OP030,office,confirmed,delivery before 7am - gate code 4471
BK-1130,EX-007,S04,2026-12-23 08:30,2027-01-02 15:00,OP025,Hector,tentative,
BK-1131,DZ-005,S05,2026-12-06 07:30,2026-12-11 16:00,OP015,Marcus Bell,tentative,CANCELLED?
BK-1132,SL-004,S12,2026-10-28 07:30,2026-11-02 17:00,OP032,Dale Whitfield,tentative,
BK-1133,TH-001,S09,2026-10-03 07:00,2026-10-04 18:00,OP028,Hector,confirmed,CANCELLED?
BK-1134,EX-008,S06,10/08/2026,10/10/2026,,Tanya Ruiz,confirmed,CANCELLED?
BK-1135,MC-003,S03,2026-10-26 06:00,2026-10-26 16:00,OP037,office,confirmed,operator TBD
BK-1136,SL-007,S04,2026-12-19 07:00,2026-12-29 17:00,OP036,aisha,confirmed,
BK-1137,BL-004,S01,12/30/2026 07:00 AM,12/31/2026 03:00 PM,OP031,Dana W.,confirmed,
BK-1138,SL-007,S04,2026-11-05 08:00,2026-11-10 15:00,OP032,aisha,tentative,
BK-1139,BL-003,S12,2026-12-26T11:00:00Z,2026-12-29T21:00:00Z,OP036,Hector,confirmed,CANCELLED?
BK-1140,SL-006,S01,12/01/2026 07:00 AM,12/16/2026 06:00 PM,,Marcus Bell,confirmed,
BK-1141,SS-008,S06,2026-12-14 08:30,2026-12-19 17:00,,Marcus Bell,confirmed,operator TBD
BK-1142,DZ-004,S11,2026-10-26 07:30,2026-10-27 17:00,OP017,Marcus Bell,confirmed,confirm w/ Marcus
BK-1143,SS-006,S11,2026-10-28 07:00,2026-10-30 18:00,,office,confirmed,
BK-1144,SL-008,S11,2026-11-24 07:30,2026-12-09 15:00,OP018,aisha,confirmed,
BK-1145,BL-003,S03,2026-10-05 07:00,2026-10-15 18:00,OP036,Greg H.,tentative,operator TBD
BK-1146,EX-003,S07,2026-11-07 07:30,2026-11-22 16:00,OP040,Greg H.,tentative,delivery before 7am - gate code 4471
BK-1147,TH-006,S07,2026-11-04 07:00,2026-11-04 17:00,OP026,aisha,confirmed,
BK-1148,SS-001,S07,2026-12-10 08:00,2026-12-15 18:00,,office,tentative,
BK-1149,MC-004,S06,2026-11-15 08:00,2026-11-20 18:00,OP022,Hector,confirmed,
BK-1150,BL-008,S07,2026-11-02T12:00:00Z,2026-11-17T21:00:00Z,OP025,Hector,tentative,
BK-1151,EX-011,S11,2026-11-29 08:00,2026-12-04 15:00,OP006,office,confirmed,
BK-1152,EX-006,S02,2026-10-28 07:30,2026-10-29 17:00,OP025,Tanya Ruiz,confirmed,confirm w/ Marcus
BK-1153,EX-009,S07,2026-12-02T12:30:00Z,2026-12-03T22:00:00Z,OP026,Dale Whitfield,confirmed,
BK-1154,EX-004,S02,2026-12-13 06:30,2026-12-14 15:00,OP007,Dale Whitfield,confirmed,
BK-1155,BL-001,S06,2026-10-12 07:30,2026-10-12 16:00,OP026,Hector,tentative,
BK-1156,DZ-001,S03,2026-11-29 06:00,2026-11-29 16:00,OP009,Greg H.,confirmed,confirm w/ Marcus
BK-1157,EX-012,S02,2026-10-12 07:00,2026-10-17 16:00,OP007,Dana W.,confirmed,need rigging crew
BK-1158,EX-011,S12,12/15/2026,12/16/2026,OP006,Hector,confirmed,confirm w/ Marcus
BK-1159,SS-002,S03,2026-11-01 06:00,2026-11-02 17:00,,Greg H.,confirmed,CANCELLED?
BK-1160,TC-001,S07,2026-10-05 07:00,2026-10-10 17:00,OP018,aisha,confirmed,
BK-1161,SS-007,S10,2026-11-14T11:00:00Z,2026-11-16T21:00:00Z,,Tanya Ruiz,confirmed,swap w/ EX-004 if down
BK-1162,BL-006,S10,12/13/2026 07:30 AM,12/18/2026 05:00 PM,OP032,aisha,cancelled,CANCELLED?
BK-1163,BL-002,S10,2026-12-10 07:30,2026-12-12 17:00,OP025,Marcus Bell,tentative,
BK-1164,BL-009,S03,2026-10-21 07:00,2026-10-31 16:00,OP014,office,confirmed,need rigging crew
BK-1165,EX-005,S04,2027-01-05 07:00,2027-01-06 17:00,OP015,Marcus Bell,confirmed,
BK-1166,TC-003,S01,2026-12-11 08:00,2026-12-11 15:00,OP015,Hector,confirmed,
BK-1167,SS-007,S12,2026-10-28 07:00,2026-11-12 18:00,,Dana W.,confirmed,confirm w/ Marcus
BK-1168,SS-007,S02,2026-11-19T10:30:00Z,2026-11-19T22:00:00Z,,Tanya Ruiz,confirmed,need rigging crew
BK-1169,EX-011,S08,2026-09-30 07:00,2026-10-03 15:00,OP026,Dale Whitfield,confirmed,
BK-1170,SL-007,S07,2026-11-17 06:00,2026-11-19 16:00,OP014,aisha,confirmed,swap w/ EX-004 if down
BK-1171,EX-008,S04,2026-11-12 07:00,2026-11-12 15:00,OP030,Tanya Ruiz,confirmed,confirm w/ Marcus
BK-1172,TH-004,S07,2026-11-07 07:30,2026-11-07 15:00,OP007,aisha,confirmed,
BK-1173,EX-005,S09,2027-01-09 06:00,2027-01-10 16:00,,Dale Whitfield,confirmed,
BK-1174,SS-004,S01,2026-10-12 07:00,2026-10-17 17:00,,Marcus Bell,confirmed,
BK-1175,EX-010,S02,2027-01-06 08:00,2027-01-09 17:00,OP032,Dale Whitfield,confirmed,need rigging crew
BK-1176,TC-003,S08,2026-10-24 07:30,2026-10-24 16:00,OP022,Hector,confirmed,confirm w/ Marcus
BK-1177,SS-004,S05,2026-11-07 08:00,2026-11-17 16:00,,Dana W.,confirmed,CANCELLED?
BK-1178,MC-001,S05,2026-10-19 07:00,2026-10-29 16:00,OP030,aisha,confirmed,
BK-1179,BL-001,S12,2026-11-04 08:00,2026-11-07 16:00,OP025,Greg H.,confirmed,CANCELLED?
BK-1180,TH-003,S06,2027-01-12 07:00,2027-01-17 15:00,OP017,Dana W.,tentative,CANCELLED?
BK-1181,ss-007,S01,2026-10-15 08:00,2026-10-25 17:00,,Marcus Bell,confirmed,swap w/ EX-004 if down
BK-1182,EX-005,S10,10/13/2026 07:00 AM,10/14/2026 06:00 PM,OP015,Dana W.,confirmed,delivery before 7am - gate code 4471
BK-1183,SS-003,S04,12/23/2026 06:30 AM,01/07/2027 03:00 PM,,Greg H.,confirmed,need rigging crew
BK-1184,SL-008,S01,2026-10-20 08:00,2026-10-25 18:00,OP025,Greg H.,confirmed,need rigging crew
BK-1185,SS-005,S09,2026-11-13T10:30:00Z,2026-11-18T21:00:00Z,,Marcus Bell,confirmed,
BK-1186,SS-008,S04,2026-11-21 07:00,2026-11-21 15:00,,Marcus Bell,confirmed,
BK-1187,EX-002,S07,2026-12-17 07:00,2026-12-19 17:00,OP013,Tanya Ruiz,confirmed,operator TBD
BK-1188,SL-004,S08,2026-11-03T10:00:00Z,2026-11-13T20:00:00Z,OP032,office,confirmed,need rigging crew
BK-1189,BL-001,S03,12/01/2026 08:00 AM,12/06/2026 05:00 PM,,Dale Whitfield,confirmed,
BK-1190,EX-010,S10,2026-12-06 07:30,2026-12-06 18:00,OP023,Marcus Bell,confirmed,
BK-1191,SL-007,S12,2026-12-13 06:00,2026-12-13 16:00,OP022,office,confirmed,swap w/ EX-004 if down
BK-1192,EX-011,S02,2027-01-11T11:00:00Z,2027-01-14T19:00:00Z,,Hector,confirmed,swap w/ EX-004 if down
BK-1193,TH-001,S12,2027-01-18 07:00,2027-01-23 15:00,OP031,Greg H.,tentative,swap w/ EX-004 if down
BK-1194,MC-007,S09,2026-10-21 07:00,2026-10-31 16:00,OP024,Greg H.,confirmed,confirm w/ Marcus
BK-1195,DZ003,S09,2026-11-04T12:30:00Z,2026-11-04T19:00:00Z,OP006,Greg H.,tentative,
BK-1196,SS-002,S01,10/22/2026 08:00 AM,11/01/2026 05:00 PM,,Greg H.,tentative,swap w/ EX-004 if down
BK-1197,ex-008,S02,2026-12-25 07:00,2026-12-25 15:00,OP007,office,confirmed,
BK-1198,DZ-004,S09,2027-01-09 07:00,2027-01-12 15:00,OP035,office,confirmed,
BK-1199,EX-008,S01,2026-11-04 08:00,2026-11-06 18:00,OP040,Greg H.,confirmed,confirm w/ Marcus
BK-1200,BL-007,S10,2026-12-08 07:00,2026-12-08 18:00,OP016,office,confirmed,swap w/ EX-004 if down
BK-1201,BL-007,S03,2026-12-17 07:00,2026-12-27 15:00,,Greg H.,confirmed,
BK-1202,SS-003 ,S06,2026-11-13 07:30,2026-11-16 17:00,,Marcus Bell,confirmed,
BK-1203,BL001,S12,2026-12-14T11:00:00Z,2026-12-29T19:00:00Z,OP003,aisha,confirmed,operator TBD
BK-1204,BL-004,S01,2026-12-11 08:00,2026-12-12 16:00,OP030,Dana W.,confirmed,delivery before 7am - gate code 4471
BK-1205,TH-006,S09,2026-11-20 07:30,2026-11-25 15:00,,Tanya Ruiz,confirmed,
BK-1206,bl-001,S09,2026-11-28 07:30,2026-11-28 15:00,,office,cancelled,CANCELLED?
BK-1207,SL-006,S02,2026-10-18 07:30,2026-10-23 17:00,OP032,office,confirmed,
BK-1208,TH-001,S08,2026-12-30 08:00,2027-01-09 17:00,,office,confirmed,need rigging crew
BK-1209,TH-007,S12,2026-12-11 08:30,2026-12-16 18:00,OP020,Greg H.,tentative,
BK-1210,SS-001,S08,10/31/2026,11/15/2026,,Tanya Ruiz,confirmed,need rigging crew
BK-1211,DZ-004,S12,2026-12-14 07:00,2026-12-14 16:00,OP005,Greg H.,confirmed,
BK-1212,EX-001,S05,2026-12-20 07:00,2026-12-20 17:00,OP007,office,confirmed,swap w/ EX-004 if down
BK-1213,TC-001,S09,2026-11-28 08:00,2026-12-08 15:00,OP009,Dale Whitfield,confirmed,need rigging crew
BK-1214,MC-002,S08,11/16/2026 07:00 AM,11/26/2026 05:00 PM,OP038,Dana W.,confirmed,delivery before 7am - gate code 4471
BK-1215,SL-001,S12,12/10/2026 08:00 AM,12/15/2026 05:00 PM,,Greg H.,confirmed,
BK-1216,EX-008,S10,2027-01-08 06:00,2027-01-11 17:00,OP003,Hector,tentative,
BK-1217,BL-009,S02,2026-11-25 07:00,2026-11-26 17:00,OP013,Tanya Ruiz,confirmed,delivery before 7am - gate code 4471
BK-1218,BL-003,S06,2026-12-16 08:00,2026-12-21 16:00,OP026,Tanya Ruiz,confirmed,need rigging crew
BK-1219,DZ-002,S08,2027-01-12 07:00,2027-01-15 17:00,OP015,Dale Whitfield,confirmed,confirm w/ Marcus
BK-1220,MC-005,S02,2026-12-04 07:00,2026-12-07 17:00,OP034,Greg H.,confirmed,confirm w/ Marcus
BK-1221,EX-011,S07,10/05/2026 07:30 AM,10/07/2026 05:00 PM,OP007,office,tentative,
BK-1222,SL-002,S10,2026-11-16 06:00,2026-11-26 16:00,,office,confirmed,delivery before 7am - gate code 4471
BK-1223,BL-002,S07,2026-09-29 07:30,2026-10-09 17:00,OP032,Tanya Ruiz,confirmed,CANCELLED?
BK-1224,mc-002,S01,2026-12-07 06:30,2026-12-07 16:00,OP035,Hector,confirmed,
BK-1225,DZ-005,S09,2026-12-13T11:30:00Z,2026-12-18T21:00:00Z,OP037,Dale Whitfield,confirmed,
BK-1226,MC-004,S05,11/20/2026 07:30 AM,11/21/2026 03:00 PM,OP022,Hector,confirmed,
BK-1227,SL-006,S09,2026-11-08 07:00,2026-11-09 18:00,,aisha,confirmed,confirm w/ Marcus
BK-1228,BL-005 ,S06,11/28/2026 07:00 AM,11/29/2026 05:00 PM,,Greg H.,confirmed,
BK-1229,ss-003,S02,2026-12-19 07:00,2026-12-22 18:00,,Marcus Bell,confirmed,confirm w/ Marcus
BK-1230,EX-005,S04,2026-10-22 07:00,2026-11-06 15:00,OP025,Greg H.,tentative,
BK-1231,EX-008,S12,2026-10-08 07:00,2026-10-08 17:00,OP016,Tanya Ruiz,confirmed,
BK-1232,SL-007,S06,2026-11-29 08:00,2026-12-01 17:00,OP016,Greg H.,confirmed,confirm w/ Marcus
BK-1233,TH-003,S05,2026-12-03 06:00,2026-12-13 15:00,OP005,Hector,confirmed,CANCELLED?
BK-1234,BL-005,S10,2026-12-01 06:30,2026-12-04 17:00,,Tanya Ruiz,confirmed,
BK-1235,SS-006,S08,2026-12-08 07:00,2026-12-18 16:00,,Greg H.,confirmed,
BK-1236,TH-004,S11,2027-01-16 07:30,2027-01-17 18:00,OP028,Dana W.,confirmed,delivery before 7am - gate code 4471
BK-1237,SL-001,S10,2026-10-28 07:30,2026-11-07 18:00,,Tanya Ruiz,confirmed,
BK-1238,BL-005,S09,2026-11-25 06:30,2026-11-27 17:00,OP030,office,confirmed,
BK-1239,MC-006,S06,2027-01-18 07:00,2027-01-21 17:00,OP018,Hector,confirmed,
BK-1240,DZ-001,S12,2026-11-26 07:00,2026-11-27 15:00,OP025,Greg H.,tentative,confirm w/ Marcus
BK-1241,EX-004,S07,2026-10-25 07:30,2026-10-27 17:00,OP040,Dana W.,confirmed,confirm w/ Marcus
BK-1242,EX-011 ,S03,2026-12-29 08:30,2026-12-29 17:00,,Marcus Bell,confirmed,swap w/ EX-004 if down
BK-1243,SL-001,S01,2027-01-03 06:30,2027-01-08 17:00,OP016,aisha,confirmed,
BK-1244,MC-007,S01,2026-12-17 07:30,2026-12-22 17:00,OP016,aisha,confirmed,need rigging crew
BK-1245,bl-004,S11,2026-12-16 06:00,2026-12-21 18:00,OP014,Marcus Bell,confirmed,need rigging crew
BK-1246,TC-003,S02,2027-01-12 06:30,2027-01-22 15:00,OP024,Dale Whitfield,confirmed,
BK-1247,DZ-001,S11,2026-11-14 06:00,2026-11-17 15:00,OP009,office,confirmed,operator TBD
BK-1248,BL-006,S06,2026-10-19 07:00,2026-10-24 17:00,OP017,Greg H.,confirmed,confirm w/ Marcus
BK-1249,EX002,S06,2026-10-06 07:30,2026-10-09 16:00,OP018,Greg H.,confirmed,confirm w/ Marcus
BK-1250,EX-011,S12,2026-11-13 06:00,2026-11-13 16:00,,Dana W.,confirmed,delivery before 7am - gate code 4471
BK-1251,SL-007,S03,2026-11-04 06:00,2026-11-05 18:00,OP036,aisha,confirmed,
BK-1252,SS-001,S06,01/09/2027 08:00 AM,01/09/2027 06:00 PM,,Dale Whitfield,confirmed,
BK-1253,MC-004,S10,2027-01-16 08:00,2027-01-26 17:00,OP005,office,confirmed,need rigging crew
BK-1254,SS-008,S12,2026-10-30 02:00,2026-10-31 02:00,,aisha,confirmed,confirm w/ Marcus
BK-1255,DZ-002,S04,10/28/2026,11/07/2026,OP017,Tanya Ruiz,tentative,
BK-1256,SL-007,S03,10/12/2026 07:30 AM,10/22/2026 06:00 PM,OP013,Hector,confirmed,need rigging crew
BK-1257,EX-004,S12,2026-11-29 07:00,2026-12-04 15:00,OP006,Tanya Ruiz,confirmed,need rigging crew
BK-1258,MC-007,S05,2026-10-08 07:00,2026-10-18 16:00,OP006,Greg H.,confirmed,
BK-1259,EX-012,S02,2026-11-01 07:00,2026-11-11 17:00,,Hector,confirmed,delivery before 7am - gate code 4471
BK-1260,MC-002,S11,2026-12-01 06:00,2026-12-06 18:00,OP037,Marcus Bell,tentative,
BK-1261,BL-009,S06,2026-12-17 08:30,2027-01-01 18:00,,Hector,confirmed,confirm w/ Marcus
BK-1262,SL-006,S07,2026-10-08 06:30,2026-10-08 16:00,OP030,Tanya Ruiz,confirmed,operator TBD
BK-1263,SS-003,S11,2026-10-20 08:00,2026-10-22 18:00,,Marcus Bell,confirmed,need rigging crew
BK-1264,TH-003,S12,2026-11-12 06:00,2026-11-22 16:00,OP017,Tanya Ruiz,cancelled,CANCELLED?
BK-1265,DZ-004,S12,2026-12-22 07:30,2026-12-27 17:00,,aisha,confirmed,confirm w/ Marcus
BK-1266,DZ-005,S07,2026-11-12 06:00,2026-11-12 16:00,,Hector,confirmed,
BK-1267,TC-003,S12,2026-11-02 07:00,2026-11-17 16:00,OP039,Tanya Ruiz,confirmed,delivery before 7am - gate code 4471
BK-1268,SL002,S08,2026-10-17 07:00,2026-10-19 17:00,OP018,aisha,tentative,confirm w/ Marcus
BK-1269,EX-005 ,S10,2026-12-04 06:00,2026-12-05 18:00,OP030,aisha,tentative,operator TBD
BK-1270,BL-002,S07,2026-12-29 06:00,2026-12-31 16:00,OP025,Marcus Bell,tentative,need rigging crew
BK-1271,SS-003,S09,2026-10-25 07:00,2026-11-09 17:00,,Dale Whitfield,confirmed,
BK-1272,SL-003,S07,2026-10-23 07:30,2026-10-23 18:00,OP022,Dale Whitfield,confirmed,confirm w/ Marcus
BK-1273,MC-005,S12,2027-01-08 07:00,2027-01-08 17:00,OP011,aisha,confirmed,
BK-1274,MC-006,S05,11/17/2026 06:30 AM,11/22/2026 05:00 PM,,Dana W.,confirmed,confirm w/ Marcus
BK-1275,BL-001 ,S03,2027-01-14 07:00,2027-01-29 18:00,,office,confirmed,
BK-1276,SL-002,S01,2026-10-02 07:30,2026-10-02 17:00,OP031,aisha,tentative,delivery before 7am - gate code 4471
BK-1277,TH-005,S07,2026-11-18 08:00,2026-12-03 16:00,OP026,office,confirmed,
BK-1278,TH-002,S11,2026-11-04 08:30,2026-11-09 15:00,OP024,Dale Whitfield,confirmed,
BK-1279,SS-001,S11,2027-01-11T11:30:00Z,2027-01-13T21:00:00Z,,office,confirmed,CANCELLED?
BK-1280,EX-008,S06,2026-10-16 06:00,2026-10-26 17:00,OP018,aisha,confirmed,confirm w/ Marcus
BK-1281,DZ-002,S12,2026-12-17 07:00,2026-12-18 17:00,OP021,Dale Whitfield,confirmed,swap w/ EX-004 if down
BK-1282,DZ-001,S08,2026-10-17 07:00,2026-11-01 16:00,OP002,Greg H.,confirmed,operator TBD
BK-1283,EX-003,S05,01/06/2027 08:00 AM,01/08/2027 06:00 PM,OP032,Tanya Ruiz,confirmed,delivery before 7am - gate code 4471
BK-1284,SS-007,S10,2026-12-04 07:30,2026-12-14 17:00,,Hector,confirmed,need rigging crew
BK-1285,DZ-004,S08,2027-01-08T11:00:00Z,2027-01-08T21:00:00Z,OP035,Marcus Bell,confirmed,delivery before 7am - gate code 4471
BK-1286,EX-009,S12,2027-01-02 07:00,2027-01-12 17:00,OP015,office,confirmed,confirm w/ Marcus
BK-1287,TH-002,S10,2026-11-29 08:00,2026-12-04 15:00,OP024,Dale Whitfield,confirmed,
BK-1288,ss-001,S06,10/10/2026 07:30 AM,10/25/2026 06:00 PM,,Hector,confirmed,need rigging crew
BK-1289,EX-011,S04,2026-12-17 07:00,2026-12-18 18:00,OP013,Dale Whitfield,confirmed,confirm w/ Marcus
BK-1290,DZ-003,S08,11/14/2026 07:00 AM,11/17/2026 04:00 PM,,Greg H.,confirmed,operator TBD
BK-1291,TH-004,S12,2026-11-28 07:00,2026-12-03 15:00,OP031,office,tentative,CANCELLED?
BK-1292,BL-004,S01,2026-10-24 07:00,2026-10-27 15:00,OP032,Tanya Ruiz,confirmed,confirm w/ Marcus
BK-1293,SS-002,S11,09/30/2026,10/15/2026,,Marcus Bell,confirmed,
BK-1294,SS-004,S10,2026-12-10 07:00,2026-12-25 16:00,,Hector,confirmed,delivery before 7am - gate code 4471
BK-1295,EX-007,S08,2026-11-15 07:00,2026-11-15 17:00,,aisha,tentative,need rigging crew
BK-1296,BL-004,S12,2027-01-20 06:00,2027-01-21 18:00,,aisha,confirmed,confirm w/ Marcus
BK-1297,SS-004,S12,01/03/2027 07:30 AM,01/06/2027 05:00 PM,,office,tentative,operator TBD
BK-1298,EX-010,S03,2026-10-20T12:00:00Z,2026-11-04T21:00:00Z,OP032,Dale Whitfield,confirmed,confirm w/ Marcus
BK-1299,SL-003,S10,2026-10-27 07:30,2026-10-30 15:00,OP032,Dana W.,confirmed,need rigging crew
BK-1300,SS-002,S01,11/08/2026 07:00 AM,11/08/2026 06:00 PM,,Marcus Bell,confirmed,confirm w/ Marcus
BK-1301,EX-007,S06,2026-12-07T10:00:00Z,2026-12-22T22:00:00Z,OP011,Greg H.,confirmed,
BK-1302,DZ-001,S12,2026-10-13 07:00,2026-10-14 16:00,OP015,Dale Whitfield,confirmed,CANCELLED?
BK-1303,EX-005,S11,2026-11-07 07:00,2026-11-08 18:00,OP040,office,confirmed,confirm w/ Marcus
BK-1304,EX-002,S06,2026-12-01 07:00,2026-12-02 17:00,OP023,Greg H.,tentative,
BK-1305,EX-003,S06,2026-10-10T11:30:00Z,2026-10-10T19:00:00Z,,Dale Whitfield,tentative,
BK-1306,MC-001,S05,2026-11-11 06:30,2026-11-12 15:00,OP038,Tanya Ruiz,confirmed,
BK-1307,EX-001,S04,2026-12-23 06:00,2026-12-28 17:00,OP026,Dale Whitfield,confirmed,need rigging crew
BK-1308,EX012,S08,2026-12-30 07:00,2027-01-09 17:00,OP023,Greg H.,confirmed,confirm w/ Marcus
BK-1309,BL-008,S02,2026-12-29 07:30,2027-01-13 16:00,,Marcus Bell,tentative,
BK-1310,SS-003,S10,2026-11-20 07:30,2026-11-30 18:00,,Greg H.,confirmed,delivery before 7am - gate code 4471
BK-1311,BL-006,S08,2026-10-26 07:30,2026-10-31 16:00,OP016,aisha,confirmed,need rigging crew
BK-1312,DZ-002,S01,2026-12-30 07:00,2027-01-04 17:00,OP039,Marcus Bell,confirmed,confirm w/ Marcus
BK-1313,EX-003,S07,2026-10-13 08:30,2026-10-15 17:00,OP023,Tanya Ruiz,confirmed,
BK-1314,EX-001,S02,2026-11-09 07:30,2026-11-24 15:00,OP040,Dana W.,confirmed,
BK-1315,DZ-005,S08,2026-11-03 07:30,2026-11-08 15:00,,Dale Whitfield,tentative,
BK-1316,BL-009,S04,2027-01-06T11:00:00Z,2027-01-16T22:00:00Z,OP001,Marcus Bell,tentative,
BK-1317,EX-004,S12,2026-12-08 07:00,2026-12-10 15:00,OP018,office,confirmed,
BK-1318,TC-002,S07,2026-10-26 06:00,2026-11-05 15:00,OP003,Greg H.,confirmed,delivery before 7am - gate code 4471
BK-1319,SS-004,S10,2026-12-31 07:00,2027-01-02 17:00,,Tanya Ruiz,confirmed,swap w/ EX-004 if down
BK-1320,MC-002,S12,12/13/2026,12/14/2026,,Greg H.,confirmed,delivery before 7am - gate code 4471
BK-1321,SL-002,S10,2026-10-04 08:00,2026-10-07 17:00,OP032,Marcus Bell,confirmed,
BK-1322,MC-003,S06,2026-12-14 07:30,2026-12-19 15:00,OP040,Dale Whitfield,confirmed,
BK-1323,EX-006,S04,2026-12-17 02:00,2026-12-18 02:00,,aisha,confirmed,operator TBD
BK-1324,MC-004,S04,2026-12-25 07:00,2027-01-04 18:00,OP019,Dana W.,confirmed,
BK-1325,TC-003,S02,2026-11-20 06:30,2026-11-25 15:00,,Hector,confirmed,operator TBD
BK-1326,EX-002,S11,2026-11-03 08:00,2026-11-13 18:00,OP040,Dana W.,confirmed,CANCELLED?
BK-1327,MC-004,S12,2026-10-04 07:00,2026-10-07 17:00,OP022,Tanya Ruiz,tentative,need rigging crew
BK-1328,EX-012,S07,2027-01-12 06:00,2027-01-13 17:00,OP006,aisha,confirmed,need rigging crew
BK-1329,SL-007,S01,2026-10-27T10:00:00Z,2026-10-29T22:00:00Z,OP003,Dana W.,tentative,delivery before 7am - gate code 4471
BK-1330,TH-006,S04,10/04/2026 07:30 AM,10/09/2026 03:00 PM,OP020,office,tentative,swap w/ EX-004 if down
BK-1331,SL-006,S07,2026-10-11 07:00,2026-10-13 17:00,OP036,Greg H.,tentative,
BK-1332,MC-004,S10,10/22/2026 07:00 AM,10/23/2026 05:00 PM,OP035,Dana W.,tentative,need rigging crew
BK-1333,EX-005,S07,2026-12-09 06:00,2026-12-09 17:00,OP032,Marcus Bell,cancelled,CANCELLED?
BK-1334,MC-003,S01,2027-01-08 07:00,2027-01-13 17:00,OP022,Dale Whitfield,confirmed,confirm w/ Marcus
BK-1335,BL-003,S11,2026-11-02 08:00,2026-11-07 18:00,OP018,Greg H.,confirmed,operator TBD
BK-1336,EX-001,S06,2027-01-10 08:00,2027-01-25 17:00,OP023,Dale Whitfield,confirmed,operator TBD
BK-1337,TC-003,S02,2026-12-14 07:00,2026-12-29 15:00,OP033,Tanya Ruiz,confirmed,operator TBD
BK-1338,SL-007,S11,2026-11-13 10:30,2026-11-15 10:30,,Dana W.,cancelled,CANCELLED?
BK-1339,BL-002,S10,2026-12-06 07:00,2026-12-08 18:00,OP013,office,tentative,
BK-1340,TH-007,S05,2026-12-07 07:30,2026-12-09 18:00,OP005,Hector,confirmed,
BK-1341,EX-006,S04,2026-11-27 07:00,2026-12-12 17:00,OP040,Tanya Ruiz,confirmed,confirm w/ Marcus
BK-1342,EX-002,S10,2026-10-22 07:00,2026-10-22 17:00,OP025,aisha,tentative,swap w/ EX-004 if down
BK-1343,BL-005,S01,2026-12-20 06:30,2026-12-30 17:00,OP026,Hector,confirmed,swap w/ EX-004 if down
BK-1344,EX-011,S10,2026-10-16 07:00,2026-10-16 16:00,OP040,Marcus Bell,confirmed,confirm w/ Marcus
BK-1345,sl-003,S08,2026-11-02 06:00,2026-11-07 18:00,OP025,office,confirmed,delivery before 7am - gate code 4471
BK-1346,EX-007,S10,2027-01-11 08:00,2027-01-11 17:00,OP026,Tanya Ruiz,tentative,operator TBD
BK-1347,EX-008,S07,2026-12-28 08:00,2026-12-29 15:00,,office,confirmed,swap w/ EX-004 if down
BK-1348,DZ-005,S12,2027-01-16 07:00,2027-01-16 18:00,OP005,Dale Whitfield,confirmed,delivery before 7am - gate code 4471
BK-1349,EX009,S04,2026-11-08T11:00:00Z,2026-11-08T21:00:00Z,,Marcus Bell,confirmed,
BK-1350,SL-003,S11,2027-01-19 08:30,2027-01-20 16:00,OP017,Greg H.,confirmed,confirm w/ Marcus
BK-1351,EX-004,S02,2026-12-24 07:30,2027-01-08 16:00,OP030,Marcus Bell,confirmed,operator TBD
BK-1352,DZ-004,S07,2027-01-03 07:00,2027-01-05 18:00,OP021,Dana W.,confirmed,
BK-1353,TH-001,S07,2026-10-26 08:30,2026-11-10 17:00,OP040,Dana W.,tentative,swap w/ EX-004 if down
BK-1354,TH-003,S11,2026-10-11 06:30,2026-10-14 16:00,OP040,Tanya Ruiz,tentative,swap w/ EX-004 if down
BK-1355,MC-002,S02,2026-12-18 07:00,2026-12-23 18:00,OP030,Hector,tentative,swap w/ EX-004 if down
BK-1356,BL-001,S04,2026-11-09 07:00,2026-11-19 16:00,OP018,Hector,tentative,
BK-1357,TC-003,S01,12/03/2026,12/04/2026,OP003,Tanya Ruiz,confirmed,delivery before 7am - gate code 4471
BK-1358,EX-005,S05,2026-12-01 07:30,2026-12-03 15:00,OP013,aisha,confirmed,
BK-1359,BL-002,S03,2026-12-18 07:00,2026-12-23 16:00,,Tanya Ruiz,confirmed,
BK-1360,EX-009 ,S04,10/04/2026,10/14/2026,OP025,Hector,confirmed,
BK-1361,EX-002,S05,01/13/2027 07:00 AM,01/13/2027 04:00 PM,OP007,aisha,confirmed,
BK-1362,DZ-004,S11,12/16/2026 07:00 AM,12/18/2026 05:00 PM,OP028,Hector,confirmed,CANCELLED?
BK-1363,MC-006,S01,2026-10-14 08:00,2026-10-19 15:00,OP035,aisha,confirmed,
BK-1364,SL-004,S04,2026-12-30T11:30:00Z,2027-01-14T22:00:00Z,OP014,office,confirmed,delivery before 7am - gate code 4471
BK-1365,SS-001,S01,2026-10-05 06:00,2026-10-08 16:00,,Tanya Ruiz,confirmed,
BK-1366,SL-008,S03,2026-11-16 06:00,2026-11-21 17:00,,Marcus Bell,confirmed,
BK-1367,BL-002,S09,11/02/2026 07:00 AM,11/12/2026 06:00 PM,,Hector,tentative,
BK-1368,MC-007,S11,2026-11-01 07:00,2026-11-06 15:00,,office,cancelled,CANCELLED?
BK-1369,SS-001,S12,2027-01-19 07:30,2027-01-29 18:00,,Marcus Bell,confirmed,confirm w/ Marcus
BK-1370,TH-003,S03,2027-01-04 07:00,2027-01-09 18:00,OP012,office,tentative,
BK-1371,EX-008,S05,2026-11-20 07:00,2026-11-30 15:00,OP016,Hector,confirmed,
BK-1372,TH005,S11,2026-11-01 07:00,2026-11-06 17:00,OP028,Tanya Ruiz,confirmed,
BK-1373,TC-003 ,S06,2026-10-09 07:00,2026-10-14 18:00,OP025,aisha,confirmed,
BK-1374,EX007,S07,2026-11-07 06:00,2026-11-08 18:00,OP003,office,tentative,
BK-1375,TC-003,S07,2027-01-07 07:00,2027-01-10 17:00,OP039,aisha,tentative,need rigging crew
BK-1376,TH-007,S05,2026-11-14 07:00,2026-11-16 17:00,OP019,Marcus Bell,confirmed,need rigging crew
BK-1377,TH-002,S03,2026-12-07 08:00,2026-12-09 16:00,OP026,Dana W.,tentative,swap w/ EX-004 if down
BK-1378,SL-001,S03,12/28/2026 08:00 AM,12/31/2026 05:00 PM,OP026,Tanya Ruiz,confirmed,
BK-1379,TC-002,S04,2026-12-14 07:30,2026-12-16 17:00,OP039,Marcus Bell,confirmed,delivery before 7am - gate code 4471
BK-1380,MC-002,S11,2026-12-09 07:00,2026-12-12 17:00,OP040,Dana W.,confirmed,
BK-1381,SS-005,S05,10/28/2026 07:30 AM,10/28/2026 04:00 PM,,Hector,confirmed,
BK-1382,SL-007,S03,2026-12-06 07:00,2026-12-07 16:00,OP031,Tanya Ruiz,tentative,
BK-1383,ss-004,S08,2026-12-29 07:30,2026-12-29 18:00,,Greg H.,confirmed,need rigging crew
BK-1384,SL-006,S01,2027-01-04 06:00,2027-01-19 17:00,OP022,Dale Whitfield,confirmed,
BK-1385,SS-002,S07,2026-11-17 08:00,2026-11-18 18:00,,Hector,cancelled,CANCELLED?
BK-1386,EX-002,S01,2026-10-10 07:30,2026-10-11 18:00,,Dale Whitfield,confirmed,operator TBD
BK-1387,TH-005,S06,10/30/2026 06:30 AM,10/30/2026 04:00 PM,OP031,Tanya Ruiz,tentative,swap w/ EX-004 if down
BK-1388,TH-005,S04,2027-01-16 08:00,2027-01-18 17:00,OP019,office,confirmed,
BK-1389,DZ-004,S12,01/17/2027 07:00 AM,01/20/2027 05:00 PM,OP009,Hector,confirmed,
BK-1390,EX-010,S05,2026-12-17 06:30,2026-12-20 17:00,OP018,aisha,confirmed,confirm w/ Marcus
BK-1391,BL-005,S02,2027-01-09 07:00,2027-01-12 17:00,OP026,Dana W.,confirmed,confirm w/ Marcus
BK-1392,TH-005,S11,10/01/2026 08:00 AM,10/06/2026 06:00 PM,OP021,Dana W.,confirmed,delivery before 7am - gate code 4471
BK-1393,BL-002,S10,2026-12-31T10:00:00Z,2027-01-15T21:00:00Z,OP022,office,tentative,operator TBD
BK-1394,BL-007,S07,2026-10-13T10:30:00Z,2026-10-18T21:00:00Z,,Dale Whitfield,confirmed,
BK-1395,EX-004,S06,10/29/2026 07:00 AM,11/03/2026 05:00 PM,OP032,Dana W.,confirmed,delivery before 7am - gate code 4471
BK-1396,th-005,S09,2026-12-20 07:30,2026-12-25 15:00,OP019,Greg H.,tentative,
BK-1397,EX-009,S09,2027-01-17 07:00,2027-01-17 17:00,,Hector,confirmed,CANCELLED?
BK-1398,DZ-003,S03,2026-12-29 07:00,2027-01-03 17:00,OP005,Marcus Bell,tentative,
BK-1399,TH-007,S03,2026-10-15 07:00,2026-10-20 17:00,,Hector,confirmed,
BK-1400,BL-005,S08,2027-01-01 07:00,2027-01-06 17:00,OP013,Dana W.,confirmed,
BK-1401,DZ-005,S08,2026-12-01 08:00,2026-12-02 15:00,OP002,Tanya Ruiz,confirmed,CANCELLED?
BK-1402,BL-008,S02,2026-11-20 07:30,2026-11-21 15:00,OP018,Tanya Ruiz,tentative,
BK-1403,dz-002,S05,2026-11-13 07:30,2026-11-28 17:00,OP015,office,confirmed,operator TBD
BK-1404,SL-003,S07,2026-12-07 07:30,2026-12-12 17:00,OP019,Dana W.,confirmed,
BK-1405,DZ-003,S03,2026-12-09 08:00,2026-12-19 16:00,OP035,Greg H.,confirmed,confirm w/ Marcus
BK-1406,BL-004,S05,2026-11-08 07:30,2026-11-08 16:00,,aisha,tentative,
BK-1407,MC-007 ,S03,2026-12-24 08:30,2026-12-29 17:00,,Greg H.,tentative,swap w/ EX-004 if down
BK-1408,BL-006,S11,2026-12-26 06:00,2026-12-31 17:00,OP031,Greg H.,confirmed,confirm w/ Marcus
BK-1409,SS-003,S12,2027-01-16 06:00,2027-01-26 18:00,,Hector,confirmed,CANCELLED?
BK-1410,TH-001,S08,2026-11-13 08:30,2026-11-18 17:00,OP040,Marcus Bell,tentative,confirm w/ Marcus
BK-1411,bl-005,S01,2026-09-30T12:00:00Z,2026-10-15T22:00:00Z,OP013,Greg H.,confirmed,confirm w/ Marcus
BK-1412,EX-010,S11,2026-10-14 08:00,2026-10-17 15:00,OP026,Greg H.,confirmed,
BK-1413,TH-007,S05,2027-01-07 07:00,2027-01-22 17:00,OP020,office,confirmed,need rigging crew
BK-1414,MC-004,S12,2026-10-10 08:00,2026-10-20 15:00,OP019,Marcus Bell,tentative,delivery before 7am - gate code 4471
BK-1415,SS-008,S01,2026-12-04 08:00,2026-12-14 18:00,,Tanya Ruiz,confirmed,
BK-1416,SL-006,S07,11/04/2026 07:00 AM,11/05/2026 05:00 PM,OP033,Tanya Ruiz,confirmed,operator TBD
BK-1417,EX-010,S12,2027-01-15 07:00,2027-01-18 16:00,,Greg H.,confirmed,
BK-1418,SL-002,S09,2026-10-23 08:30,2026-10-23 16:00,OP033,Greg H.,confirmed,
BK-1419,EX-011,S12,2026-11-19 07:00,2026-11-20 17:00,OP030,aisha,tentative,
BK-1420,th-006,S08,2026-12-19 08:30,2026-12-24 17:00,OP031,Tanya Ruiz,confirmed,swap w/ EX-004 if down
BK-1421,EX002,S03,2026-11-25 08:30,2026-11-28 18:00,OP006,office,tentative,
BK-1422,BL-003,S02,2026-12-01 07:00,2026-12-11 16:00,OP031,Greg H.,tentative,confirm w/ Marcus
BK-1423,SS-004,S01,11/18/2026 07:00 AM,11/23/2026 03:00 PM,,Hector,cancelled,CANCELLED?
BK-1424,MC-003,S11,10/12/2026 07:00 AM,10/14/2026 03:00 PM,OP016,Marcus Bell,confirmed,confirm w/ Marcus
BK-1425,EX-001,S04,2026-10-18 06:00,2026-10-28 17:00,OP040,aisha,confirmed,
BK-1426,EX-004,S03,2026-11-19 07:00,2026-11-20 15:00,OP018,Dale Whitfield,tentative,
BK-1427,DZ-002,S05,2026-12-15 08:00,2026-12-16 16:00,OP004,office,tentative,
BK-1428,BL-003,S08,11/16/2026 06:30 AM,11/19/2026 05:00 PM,OP033,Tanya Ruiz,tentative,need rigging crew
BK-1429,sl-007,S03,2027-01-01 07:00,2027-01-01 17:00,OP014,Hector,confirmed,need rigging crew
BK-1430,EX-012,S12,2026-11-13 07:00,2026-11-14 18:00,OP030,Hector,tentative,
BK-1431,TC-001,S02,2026-12-12 06:30,2026-12-17 15:00,,Dale Whitfield,confirmed,operator TBD
BK-1432,SS-002,S10,2026-12-28T11:00:00Z,2027-01-02T21:00:00Z,,Greg H.,cancelled,CANCELLED?
BK-1433,SS-004,S12,2026-10-08 07:00,2026-10-09 17:00,,Greg H.,tentative,operator TBD
BK-1434,TH-003,S12,2026-11-10 07:00,2026-11-10 17:00,OP030,Tanya Ruiz,tentative,need rigging crew
BK-1435,DZ-003,S08,2026-10-12T10:30:00Z,2026-10-12T20:00:00Z,OP025,Greg H.,tentative,confirm w/ Marcus
BK-1436,SL-001,S05,2026-10-18 07:00,2026-10-28 15:00,OP033,Dale Whitfield,cancelled,CANCELLED?
BK-1437,SS-004,S11,2026-12-27 06:30,2026-12-28 17:00,,Tanya Ruiz,tentative,swap w/ EX-004 if down
BK-1438,EX-008,S11,2026-12-14 06:00,2026-12-17 18:00,OP023,Tanya Ruiz,confirmed,
BK-1439,SL-006,S11,2026-10-15 08:00,2026-10-15 16:00,OP033,aisha,confirmed,delivery before 7am - gate code 4471
BK-1440,EX-004,S12,10/06/2026,10/21/2026,OP030,Greg H.,confirmed,
BK-1441,EX-006,S09,2026-10-09 07:00,2026-10-24 16:00,,Marcus Bell,confirmed,confirm w/ Marcus
BK-1442,SS-007,S10,2026-10-02 06:00,2026-10-07 16:00,,Dale Whitfield,tentative,
BK-1443,SL-006,S06,2026-11-11 06:30,2026-11-21 15:00,OP006,Tanya Ruiz,confirmed,
BK-1444,EX-012,S03,2026-10-19 08:30,2026-10-24 17:00,OP026,aisha,confirmed,swap w/ EX-004 if down
BK-1445,DZ-004,S11,2026-10-12 08:30,2026-10-22 18:00,OP028,aisha,confirmed,need rigging crew
BK-1446,TH-005,S01,2026-10-06 07:30,2026-10-06 18:00,OP024,Tanya Ruiz,confirmed,CANCELLED?
BK-1447,BL-003,S05,2026-11-29 07:00,2026-11-29 16:00,OP026,Marcus Bell,confirmed,
BK-1448,DZ-004,S10,11/20/2026 06:00 AM,12/05/2026 05:00 PM,OP016,Tanya Ruiz,tentative,operator TBD
BK-1449,MC-006,S12,2026-11-30 07:00,2026-12-01 17:00,OP038,aisha,cancelled,CANCELLED?
BK-1450,MC-005,S12,2026-12-11 07:00,2026-12-13 17:00,,Greg H.,confirmed,operator TBD
BK-1451,MC-003,S11,11/12/2026 08:30 AM,11/27/2026 03:00 PM,OP019,Tanya Ruiz,confirmed,confirm w/ Marcus
BK-1452,SS-007,S12,2027-01-05 07:30,2027-01-15 15:00,,Hector,confirmed,
BK-1453,TH-005,S11,2026-10-08 07:00,2026-10-11 15:00,OP020,aisha,confirmed,operator TBD
BK-1454,EX-008,S07,01/02/2027 07:00 AM,01/02/2027 04:00 PM,OP032,Dale Whitfield,tentative,need rigging crew
BK-1455,BL-006,S09,2027-01-09 07:00,2027-01-10 17:00,,aisha,confirmed,need rigging crew
BK-1456,SL-008,S01,11/04/2026 07:30 AM,11/06/2026 03:00 PM,OP032,Marcus Bell,cancelled,CANCELLED?
BK-1457,SL-003,S02,2026-11-08 07:00,2026-11-18 18:00,OP016,Dana W.,tentative,swap w/ EX-004 if down
BK-1458,ex-011,S08,2027-01-14 07:00,2027-01-15 17:00,,aisha,confirmed,confirm w/ Marcus
BK-1459,TH-004,S06,2027-01-01 06:00,2027-01-02 17:00,,Dale Whitfield,confirmed,
BK-1460,SS-005,S08,2026-12-15T11:00:00Z,2026-12-25T20:00:00Z,,Hector,confirmed,
BK-1461,SL-008,S12,2027-01-12 08:30,2027-01-13 16:00,OP017,Dale Whitfield,confirmed,swap w/ EX-004 if down
BK-1462,BL-004,S02,10/05/2026,10/15/2026,OP003,Hector,confirmed,swap w/ EX-004 if down
BK-1463,EX-006,S12,2026-10-03T12:00:00Z,2026-10-05T20:00:00Z,,Marcus Bell,confirmed,
BK-1464,EX-001,S10,2026-09-30 07:30,2026-09-30 17:00,,Hector,tentative,operator TBD
BK-1465,DZ-003,S03,2026-11-18 07:00,2026-12-03 18:00,OP035,Marcus Bell,confirmed,
BK-1466,EX-003,S02,2026-10-24 07:30,2026-11-03 18:00,OP025,Marcus Bell,tentative,
BK-1467,SL-006 ,S11,2026-10-03 06:00,2026-10-04 18:00,,office,confirmed,confirm w/ Marcus
BK-1468,SL-001,S10,2026-11-15 06:30,2026-11-30 17:00,OP026,Tanya Ruiz,tentative,
BK-1469,TH-004,S08,09/30/2026 06:00 AM,10/10/2026 05:00 PM,OP030,aisha,confirmed,operator TBD
BK-1470,SL-003,S01,2026-12-20 07:30,2026-12-22 18:00,OP026,Tanya Ruiz,confirmed,
BK-1471,BL-003,S07,2026-11-12 07:00,2026-11-14 17:00,OP003,aisha,confirmed,CANCELLED?
BK-1472,SS-005 ,S03,11/25/2026 07:30 AM,11/25/2026 05:00 PM,,Greg H.,tentative,
BK-1473,EX-006,S06,2026-11-10 07:00,2026-11-20 17:00,,Dana W.,confirmed,swap w/ EX-004 if down
BK-1474,SL-006,S08,2026-12-18 06:30,2026-12-28 17:00,OP032,Tanya Ruiz,confirmed,
BK-1475,SS-006,S08,2026-11-04 06:00,2026-11-19 17:00,,aisha,confirmed,delivery before 7am - gate code 4471
BK-1476,BL-004,S04,2027-01-05 07:00,2027-01-10 17:00,OP016,aisha,confirmed,operator TBD
BK-1477,SL-003,S11,2026-10-05 07:00,2026-10-20 15:00,OP025,Dale Whitfield,confirmed,CANCELLED?
BK-1478,MC-004,S09,2027-01-13T12:00:00Z,2027-01-13T21:00:00Z,OP016,Dana W.,tentative,swap w/ EX-004 if down
BK-1479,BL-008,S07,2026-10-04 07:30,2026-10-19 18:00,,aisha,cancelled,CANCELLED?
BK-1480,TH-006,S01,2026-11-13 07:00,2026-11-18 18:00,OP005,aisha,confirmed,
BK-1481,DZ-004,S12,2026-11-05 07:30,2026-11-20 15:00,OP025,Marcus Bell,confirmed,delivery before 7am - gate code 4471
BK-1482,tc-001,S11,2026-10-26 07:30,2026-10-31 15:00,,Dana W.,tentative,need rigging crew
BK-1483,MC-002 ,S09,09/30/2026 07:00 AM,10/10/2026 03:00 PM,OP022,Hector,tentative,need rigging crew
BK-1484,TC-002,S04,2026-10-05 07:30,2026-10-15 17:00,OP015,aisha,confirmed,delivery before 7am - gate code 4471
BK-1485,TC-001,S08,2026-11-02 07:00,2026-11-07 16:00,OP021,Dana W.,confirmed,confirm w/ Marcus
BK-1486,EX-001,S06,2026-10-15 08:00,2026-10-15 18:00,OP040,Dana W.,confirmed,
BK-1487,SS-001,S10,10/25/2026 07:00 AM,10/27/2026 05:00 PM,,office,confirmed,
BK-1488,TH-007,S10,11/01/2026 07:00 AM,11/11/2026 04:00 PM,OP035,office,confirmed,
BK-1489,EX-004,S11,2027-01-11T11:00:00Z,2027-01-14T22:00:00Z,OP006,office,tentative,need rigging crew
BK-1490,SL-001,S05,2027-01-02 08:00,2027-01-02 15:00,,office,cancelled,CANCELLED?
BK-1491,SS-008,S07,2026-11-13 08:00,2026-11-15 17:00,,Marcus Bell,confirmed,
BK-1492,EX-001,S07,2026-12-31 07:00,2026-12-31 18:00,OP016,aisha,confirmed,need rigging crew
BK-1493,BL-007,S01,2026-10-06 07:00,2026-10-11 16:00,OP031,Marcus Bell,tentative,swap w/ EX-004 if down
BK-1494,TC-003,S12,2026-10-16 07:00,2026-10-19 15:00,OP010,Tanya Ruiz,confirmed,need rigging crew
BK-1495,TC-001,S12,2026-10-14 07:30,2026-10-24 17:00,OP024,Hector,confirmed,need rigging crew
BK-1496,EX-002,S05,2026-12-05 07:00,2026-12-06 15:00,OP003,Dale Whitfield,confirmed,delivery before 7am - gate code 4471
BK-1497,SL-001,S06,2027-01-12 06:00,2027-01-17 18:00,OP032,Marcus Bell,tentative,
BK-1498,TC-002 ,S04,2026-10-21 07:30,2026-10-21 15:00,OP003,Tanya Ruiz,confirmed,swap w/ EX-004 if down
BK-1499,MC-002,S06,2026-11-27 07:00,2026-11-27 15:00,OP016,Hector,confirmed,need rigging crew
BK-1500,MC-002,S04,2026-12-24 07:00,2026-12-24 16:00,,aisha,confirmed,
BK-1501,ex-005,S03,2026-12-11 06:00,2026-12-16 18:00,OP006,Marcus Bell,confirmed,CANCELLED?
BK-1502,BL-002,S01,2026-10-16 07:00,2026-10-31 16:00,OP036,Marcus Bell,confirmed,need rigging crew
BK-1503,BL-008,S08,2026-10-22 06:00,2026-10-27 17:00,OP036,aisha,confirmed,operator TBD
BK-1504,SS-002 ,S01,2026-12-11 07:30,2026-12-26 15:00,,Tanya Ruiz,confirmed,delivery before 7am - gate code 4471
BK-1505,DZ-001,S07,2026-10-07 07:00,2026-10-07 17:00,OP039,Tanya Ruiz,tentative,operator TBD
BK-1506,TH-006,S02,2026-11-29 07:00,2026-11-30 17:00,,Dale Whitfield,confirmed,
BK-1507,EX-008,S02,2027-01-15 07:00,2027-01-15 17:00,OP016,Hector,confirmed,confirm w/ Marcus
BK-1508,SL-007,S06,2027-01-07T11:00:00Z,2027-01-07T20:00:00Z,OP014,Dale Whitfield,confirmed,
BK-1509,MC-006,S07,2026-11-28 07:30,2026-11-29 18:00,OP011,Tanya Ruiz,confirmed,swap w/ EX-004 if down
BK-1510,SL-007,S01,2026-11-22 08:00,2026-11-22 16:00,,aisha,confirmed,CANCELLED?
BK-1511,DZ-001,S03,2026-11-07 08:00,2026-11-07 17:00,OP039,Tanya Ruiz,tentative,
BK-1512,MC-003,S01,2026-10-21T11:00:00Z,2026-10-22T20:00:00Z,OP019,Tanya Ruiz,tentative,
BK-1513,SL-008,S12,10/03/2026 06:30 AM,10/18/2026 05:00 PM,,Hector,tentative,
BK-1514,MC-006,S06,2026-12-31 07:00,2027-01-05 18:00,OP040,aisha,confirmed,swap w/ EX-004 if down
BK-1515,TH-003,S01,2026-10-05 07:00,2026-10-10 16:00,OP022,Hector,confirmed,operator TBD
BK-1516,DZ-005,S11,2026-12-30 07:30,2027-01-01 17:00,OP037,office,tentative,
BK-1517,MC-001,S01,2026-11-24 07:00,2026-12-04 18:00,OP022,Dale Whitfield,cancelled,CANCELLED?
BK-1518,EX-005,S09,2027-01-12 07:00,2027-01-17 15:00,OP015,aisha,tentative,delivery before 7am - gate code 4471
BK-1519,BL-003,S12,2026-12-22 07:30,2026-12-23 17:00,OP003,office,confirmed,
BK-1520,EX-007,S03,2027-01-15 07:30,2027-01-17 17:00,OP013,Dana W.,confirmed,swap w/ EX-004 if down
BK-1521,BL-001,S07,2026-12-09 07:00,2026-12-11 18:00,OP026,Greg H.,tentative,confirm w/ Marcus
BK-1522,SL-006,S01,2026-11-01 07:30,2026-11-01 15:00,OP032,Hector,confirmed,
BK-1523,TH-001,S02,2026-10-07 06:00,2026-10-12 17:00,OP020,Tanya Ruiz,tentative,need rigging crew
BK-1524,th-005,S04,2026-12-04 07:30,2026-12-14 17:00,OP026,Greg H.,confirmed,confirm w/ Marcus
BK-1525,EX-008,S12,12/09/2026,12/10/2026,OP018,Dale Whitfield,tentative,CANCELLED?
BK-1526,DZ-001,S07,2026-12-31 06:00,2027-01-10 17:00,OP021,Tanya Ruiz,confirmed,
BK-1527,EX-009,S06,2026-12-13 07:00,2026-12-23 15:00,OP015,Marcus Bell,confirmed,operator TBD
BK-1528,EX-009,S08,2026-10-19 07:30,2026-10-29 16:00,OP032,Hector,tentative,delivery before 7am - gate code 4471
BK-1529,MC-001,S03,2026-11-06 07:00,2026-11-11 17:00,OP038,Greg H.,confirmed,delivery before 7am - gate code 4471
BK-1530,EX-008,S02,2027-01-12 08:00,2027-01-13 16:00,OP015,Marcus Bell,cancelled,CANCELLED?
BK-1531,DZ-001,S08,2026-12-16 06:30,2026-12-26 17:00,OP009,Dale Whitfield,tentative,delivery before 7am - gate code 4471
BK-1532,MC-004,S05,2026-10-26 07:30,2026-10-27 17:00,OP011,Tanya Ruiz,confirmed,swap w/ EX-004 if down
BK-1533,BL-007,S09,2027-01-18 08:30,2027-01-21 18:00,OP003,Dana W.,tentative,
BK-1534,TC-002,S09,2026-12-25 08:00,2026-12-30 17:00,OP015,Marcus Bell,confirmed,
BK-1535,EX-004,S03,11/16/2026 07:30 AM,11/19/2026 06:00 PM,OP016,Dana W.,tentative,
BK-1536,TH-002,S08,2026-10-17 06:00,2026-11-01 18:00,OP033,Dana W.,confirmed,
BK-1537,BL-005,S04,2026-10-19 08:00,2026-10-19 16:00,OP031,aisha,tentative,delivery before 7am - gate code 4471
BK-1538,SS-003,S09,11/11/2026 07:00 AM,11/11/2026 06:00 PM,,aisha,confirmed,need rigging crew
BK-1539,SS-006,S10,2026-10-20 07:00,2026-10-25 17:00,,Marcus Bell,confirmed,
BK-1540,ss-005,S09,2026-12-26 06:30,2026-12-29 16:00,,Marcus Bell,confirmed,CANCELLED?
BK-1541,BL-009,S03,2026-11-14 08:30,2026-11-24 18:00,,Dana W.,confirmed,operator TBD
BK-1542,SL-001,S11,2026-11-09T11:00:00Z,2026-11-12T19:00:00Z,OP025,Hector,confirmed,delivery before 7am - gate code 4471
BK-1543,EX006,S09,2026-11-05 06:30,2026-11-08 15:00,OP006,office,tentative,
BK-1544,SS-006 ,S10,2026-11-30 08:00,2026-12-03 18:00,,Tanya Ruiz,confirmed,
BK-1545,MC-006,S05,10/31/2026,11/15/2026,OP030,Dale Whitfield,confirmed,
BK-1546,EX-007,S06,2026-12-01 07:30,2026-12-06 18:00,OP016,Dale Whitfield,confirmed,delivery before 7am - gate code 4471
BK-1547,ex-007,S01,11/26/2026 08:00 AM,11/28/2026 06:00 PM,,aisha,confirmed,
BK-1548,DZ-005,S05,11/09/2026 08:00 AM,11/09/2026 05:00 PM,OP035,aisha,confirmed,
BK-1549,SS-006,S02,2026-12-30 07:30,2027-01-09 18:00,,Dana W.,confirmed,
BK-1550,BL-005,S06,2026-11-13 08:30,2026-11-18 17:00,,Dana W.,tentative,
BK-1551,TH-005,S07,2026-11-11 08:30,2026-11-14 17:00,OP031,Marcus Bell,confirmed,
BK-1552,SL-003,S10,2026-11-25 06:30,2026-12-05 18:00,OP018,Greg H.,confirmed,swap w/ EX-004 if down
BK-1553,EX-010,S11,2026-11-11 06:00,2026-11-12 16:00,OP013,aisha,tentative,swap w/ EX-004 if down
BK-1554,MC-005,S08,2026-11-26 07:30,2026-11-28 15:00,,aisha,confirmed,
BK-1555,EX-002,S12,12/24/2026 07:00 AM,12/29/2026 05:00 PM,OP006,Dale Whitfield,tentative,delivery before 7am - gate code 4471
BK-1556,DZ-001,S05,2027-01-12 07:30,2027-01-22 17:00,OP004,Dana W.,confirmed,
BK-1557,MC-001,S12,2026-12-20 07:00,2026-12-25 17:00,OP016,Tanya Ruiz,tentative,
BK-1558,BL-001,S10,2026-10-05 07:00,2026-10-10 17:00,,office,confirmed,
BK-1559,SS-002,S07,2026-11-22 07:30,2026-12-07 15:00,,office,tentative,delivery before 7am - gate code 4471
BK-1560,ss-006,S03,2026-12-28 08:00,2026-12-28 18:00,,office,confirmed,need rigging crew
BK-1561,SS-004,S10,2026-10-10 07:30,2026-10-10 15:00,,office,confirmed,need rigging crew
BK-1562,BL-009,S09,2026-11-29 07:30,2026-11-29 17:00,OP003,Marcus Bell,confirmed,confirm w/ Marcus
BK-1563,EX-002,S06,2027-01-04 08:00,2027-01-09 17:00,OP030,Dana W.,confirmed,operator TBD
BK-1564,EX-002,S09,2026-12-31 07:30,2026-12-31 17:00,,Tanya Ruiz,confirmed,
BK-1565,SL-007,S12,2026-11-22T12:00:00Z,2026-11-22T21:00:00Z,OP032,Marcus Bell,confirmed,operator TBD
BK-1566,th-006,S04,2026-12-30T11:00:00Z,2027-01-04T21:00:00Z,OP007,Dale Whitfield,confirmed,confirm w/ Marcus
BK-1567,SS-008,S11,2026-10-29T10:00:00Z,2026-11-03T21:00:00Z,,Marcus Bell,cancelled,CANCELLED?
BK-1568,SL-004,S03,2026-10-03 06:00,2026-10-18 15:00,OP036,office,confirmed,
BK-1569,BL-006,S04,11/02/2026 06:00 AM,11/17/2026 03:00 PM,,Dale Whitfield,confirmed,
BK-1570,SS-004,S05,2026-10-26 07:30,2026-10-27 15:00,,Marcus Bell,confirmed,
BK-1571,TH-004,S02,11/08/2026 08:00 AM,11/13/2026 04:00 PM,OP019,office,cancelled,CANCELLED?
BK-1572,mc-005,S06,2026-12-16 08:30,2026-12-18 15:00,OP035,Marcus Bell,confirmed,need rigging crew
BK-1573,MC-004,S10,2026-11-12 07:00,2026-11-13 17:00,OP035,Dana W.,confirmed,
BK-1574,EX-002,S10,2026-10-27 07:30,2026-10-28 18:00,OP040,Greg H.,tentative,confirm w/ Marcus
BK-1575,EX-010,S11,12/23/2026 07:00 AM,01/02/2027 04:00 PM,OP030,Tanya Ruiz,confirmed,
BK-1576,EX-006,S06,2026-10-07 06:00,2026-10-08 18:00,OP003,Marcus Bell,confirmed,confirm w/ Marcus
BK-1577,BL-007,S02,2026-10-21 07:00,2026-10-24 16:00,OP031,office,confirmed,
BK-1578,SL-001,S08,2026-12-24 07:30,2026-12-26 15:00,,office,confirmed,need rigging crew
BK-1579,bl-005,S11,2026-11-06 07:00,2026-11-09 17:00,OP030,aisha,tentative,need rigging crew
BK-1580,SS-007,S10,2026-12-24 07:00,2026-12-27 17:00,,office,tentative,swap w/ EX-004 if down
BK-1581,EX011,S04,2026-12-08 07:30,2026-12-08 16:00,OP015,Hector,confirmed,confirm w/ Marcus
BK-1582,SL-003,S12,2026-12-14 08:30,2026-12-15 17:00,OP031,Marcus Bell,cancelled,CANCELLED?
BK-1583,EX-001,S05,11/30/2026,12/05/2026,OP006,Hector,confirmed,operator TBD
BK-1584,DZ-004,S09,2026-12-29 07:00,2026-12-29 18:00,OP039,Hector,confirmed,confirm w/ Marcus
BK-1585,MC-006,S06,2026-10-22 07:00,2026-10-27 18:00,OP020,Greg H.,confirmed,need rigging crew
BK-1586,MC-002,S03,10/12/2026 07:00 AM,10/22/2026 03:00 PM,OP019,aisha,confirmed,
BK-1587,TC-002,S11,11/30/2026 07:00 AM,12/10/2026 05:00 PM,OP018,Greg H.,confirmed,
BK-1588,TH-005,S02,2026-12-31 07:00,2027-01-10 17:00,OP020,Marcus Bell,confirmed,CANCELLED?
BK-1589,EX-006,S12,2026-12-16 06:00,2026-12-19 17:00,OP016,Greg H.,confirmed,need rigging crew
BK-1590,SS-005,S10,2026-11-30 08:00,2026-11-30 16:00,,Marcus Bell,tentative,swap w/ EX-004 if down
BK-1591,DZ-001,S03,2026-11-30 07:30,2026-12-05 18:00,OP025,Dale Whitfield,tentative,CANCELLED?
BK-1592,TH-002,S12,2027-01-13T10:00:00Z,2027-01-23T22:00:00Z,OP017,Tanya Ruiz,tentative,delivery before 7am - gate code 4471
BK-1593,MC-002,S08,2027-01-13T11:00:00Z,2027-01-28T22:00:00Z,OP034,Greg H.,tentative,
BK-1594,SS-006,S01,2026-11-23 07:00,2026-11-25 16:00,,aisha,confirmed,
BK-1595,TC-002,S10,2026-11-09 08:00,2026-11-12 18:00,OP010,Hector,tentative,
BK-1596,BL-005,S02,2026-12-14 07:00,2026-12-14 17:00,,office,confirmed,delivery before 7am - gate code 4471
BK-1597,BL-009,S10,2026-10-07 07:00,2026-10-17 15:00,OP026,Dana W.,confirmed,confirm w/ Marcus
BK-1598,BL-002,S04,2026-11-14 07:30,2026-11-15 18:00,OP026,Greg H.,confirmed,operator TBD
BK-1599,DZ-002,S09,2026-12-28 07:30,2026-12-28 17:00,OP035,Dana W.,confirmed,swap w/ EX-004 if down
BK-1600,MC-001,S04,2027-01-13 06:00,2027-01-23 15:00,OP016,Greg H.,confirmed,operator TBD
BK-1601,EX-010,S09,2026-10-09 08:00,2026-10-09 16:00,,office,confirmed,
BK-1602,BL-004,S09,2026-11-23 08:00,2026-12-08 15:00,OP017,aisha,confirmed,
BK-1603,TC001,S11,2026-12-26 07:00,2027-01-10 15:00,,Tanya Ruiz,confirmed,delivery before 7am - gate code 4471
BK-1604,BL-003,S03,2026-12-30 06:30,2027-01-02 17:00,OP036,Dale Whitfield,confirmed,
BK-1605,BL-002,S09,2026-10-12 07:00,2026-10-12 18:00,OP017,aisha,confirmed,operator TBD
BK-1606,SS-002,S11,2027-01-11 07:00,2027-01-21 16:00,,Dale Whitfield,confirmed,confirm w/ Marcus
BK-1607,DZ-002,S08,2026-12-06 07:00,2026-12-07 16:00,OP035,Tanya Ruiz,confirmed,need rigging crew
BK-1608,SL008,S04,2026-12-10 08:30,2026-12-15 18:00,OP018,Greg H.,confirmed,
BK-1609,MC005,S01,2026-11-15 08:00,2026-11-20 18:00,OP011,Dale Whitfield,tentative,CANCELLED?
BK-1610,TC-002,S01,2026-11-14 07:00,2026-11-24 17:00,OP039,Hector,confirmed,swap w/ EX-004 if down
BK-1611,mc-006,S06,2026-10-02 07:00,2026-10-12 17:00,OP030,Tanya Ruiz,confirmed,
BK-1612,TH-006,S05,2026-11-10T11:00:00Z,2026-11-11T20:00:00Z,,Hector,confirmed,
BK-1613,SS-003,S09,11/18/2026 08:30 AM,11/20/2026 05:00 PM,,Hector,confirmed,
BK-1614,MC-005,S11,2026-10-30 08:00,2026-11-09 18:00,OP010,aisha,confirmed,need rigging crew
BK-1615,BL-006,S04,2027-01-11 08:00,2027-01-16 16:00,OP032,Dale Whitfield,tentative,confirm w/ Marcus
BK-1616,MC-005,S05,2026-12-29 08:00,2026-12-31 17:00,OP034,aisha,cancelled,CANCELLED?
BK-1617,DZ-003,S07,2027-01-04T11:00:00Z,2027-01-07T19:00:00Z,OP009,office,confirmed,need rigging crew
BK-1618,DZ-003,S07,2027-01-12 08:00,2027-01-22 17:00,,office,confirmed,need rigging crew
BK-1619,SS-004,S09,2026-10-31 06:00,2026-11-05 16:00,,Dale Whitfield,tentative,operator TBD
BK-1620,BL-001,S10,2027-01-03 06:00,2027-01-05 17:00,,office,confirmed,CANCELLED?
BK-1621,MC-003,S03,2026-11-30 07:30,2026-12-01 17:00,OP030,Hector,confirmed,
BK-1622,MC-005,S03,2026-12-20 08:00,2026-12-20 16:00,OP021,Dale Whitfield,confirmed,swap w/ EX-004 if down
BK-1623,MC-007,S07,2027-01-07 07:30,2027-01-17 17:00,OP040,Dana W.,confirmed,need rigging crew
BK-1624,EX-001,S06,2026-11-07 07:00,2026-11-07 16:00,OP007,Marcus Bell,tentative,delivery before 7am - gate code 4471
BK-1625,TH-002,S03,11/22/2026,11/27/2026,OP017,Marcus Bell,confirmed,need rigging crew
BK-1626,BL-007,S12,11/02/2026 07:00 AM,11/07/2026 05:00 PM,OP014,Hector,tentative,swap w/ EX-004 if down
BK-1627,TC-001,S06,2026-12-19 07:30,2026-12-22 17:00,,Dale Whitfield,confirmed,CANCELLED?
BK-1628,BL-006,S03,2026-12-20 08:00,2026-12-25 17:00,OP032,Greg H.,confirmed,
BK-1629,TH-004,S07,2026-10-16 08:00,2026-10-31 17:00,OP040,Hector,confirmed,
BK-1630,MC-006 ,S09,2026-12-11 06:30,2026-12-26 16:00,OP040,aisha,confirmed,
BK-1631,EX-010,S04,2026-11-05 07:30,2026-11-06 16:00,OP015,Greg H.,confirmed,operator TBD
BK-1632,SL-006,S09,2026-10-01T10:00:00Z,2026-10-01T19:00:00Z,OP016,office,confirmed,operator TBD
BK-1633,SS-005,S07,2027-01-15 08:30,2027-01-25 16:00,,aisha,confirmed,
BK-1634,MC-005,S11,10/23/2026 06:00 AM,10/28/2026 04:00 PM,,Greg H.,confirmed,need rigging crew
BK-1635,SS-006,S03,2026-11-29 08:00,2026-11-29 18:00,,Greg H.,tentative,
BK-1636,EX-010,S06,2026-11-16 07:00,2026-12-01 17:00,OP015,Dana W.,confirmed,
BK-1637,SL-001,S07,2026-10-07 07:30,2026-10-17 17:00,OP033,Hector,confirmed,delivery before 7am - gate code 4471
BK-1638,TC-002,S12,2027-01-12 07:30,2027-01-13 15:00,,Greg H.,confirmed,
BK-1639,EX-011,S12,2026-10-09 07:00,2026-10-14 17:00,OP016,Marcus Bell,confirmed,
BK-1640,EX-011,S11,2026-10-23 08:00,2026-10-26 15:00,OP013,Dana W.,confirmed,
BK-1641,TH-007,S10,12/19/2026 07:30 AM,12/24/2026 03:00 PM,OP026,Dana W.,confirmed,
BK-1642,TH-006,S02,2026-12-08 07:30,2026-12-18 17:00,OP028,Greg H.,confirmed,
BK-1643,TH-003,S08,2026-11-24 06:00,2026-11-25 15:00,OP007,aisha,confirmed,
BK-1644,MC-002,S07,2027-01-02 08:00,2027-01-05 18:00,OP038,Tanya Ruiz,confirmed,delivery before 7am - gate code 4471
BK-1645,DZ-002,S11,2026-11-09 06:00,2026-11-09 16:00,OP039,Greg H.,tentative,operator TBD
BK-1646,SL-001,S04,2026-12-16 07:00,2026-12-16 17:00,OP018,aisha,confirmed,confirm w/ Marcus
BK-1647,MC-003,S03,10/15/2026,10/16/2026,OP022,Dale Whitfield,confirmed,need rigging crew
BK-1648,TC-001,S09,2027-01-16 07:30,2027-01-31 17:00,OP001,aisha,confirmed,need rigging crew
BK-1649,MC-001,S06,2026-12-20 09:00,2026-12-22 09:00,,Greg H.,confirmed,
BK-1650,TH-006,S04,2026-10-18 06:00,2026-10-28 16:00,OP007,office,confirmed,operator TBD
BK-1651,MC-005,S08,2027-01-03 06:00,2027-01-05 17:00,OP040,Dale Whitfield,confirmed,operator TBD
BK-1652,ss-004,S01,10/24/2026 08:00 AM,10/25/2026 06:00 PM,,Dale Whitfield,tentative,confirm w/ Marcus
BK-1653,SS-005,S11,2026-12-09 07:30,2026-12-09 18:00,,Dana W.,confirmed,
BK-1654,EX-004,S02,2026-11-26 07:00,2026-11-28 17:00,OP016,Hector,tentative,
BK-1655,EX-007,S03,2026-11-06 07:30,2026-11-06 17:00,OP040,aisha,tentative,confirm w/ Marcus
BK-1656,EX-011,S08,2026-10-17 07:00,2026-10-22 17:00,OP013,office,tentative,operator TBD
BK-1657,MC-006,S04,2027-01-09 07:30,2027-01-09 17:00,,office,confirmed,
BK-1658,BL-005,S09,2026-11-22 07:30,2026-11-23 15:00,OP003,Marcus Bell,tentative,swap w/ EX-004 if down
BK-1659,EX-009,S09,2026-11-17 06:00,2026-11-22 17:00,OP015,Greg H.,confirmed,need rigging crew
BK-1660,MC-002,S05,2027-01-11 07:00,2027-01-11 18:00,OP022,Dana W.,confirmed,
BK-1661,TH-001,S08,2026-12-27 06:00,2026-12-29 17:00,OP021,office,tentative,operator TBD
BK-1662,mc-007,S03,2026-11-29 06:00,2026-12-09 17:00,,Greg H.,confirmed,
BK-1663,SS-006 ,S07,2026-10-06 06:30,2026-10-16 17:00,,office,confirmed,
BK-1664,EX-006,S08,2027-01-01 08:00,2027-01-16 15:00,OP006,Marcus Bell,confirmed,CANCELLED?
BK-1665,BL-003,S08,2026-10-24 08:00,2026-10-29 18:00,OP035,aisha,tentative,delivery before 7am - gate code 4471
BK-1666,MC-001,S07,2026-11-16T12:00:00Z,2026-11-19T21:00:00Z,OP038,Tanya Ruiz,confirmed,delivery before 7am - gate code 4471
BK-1667,SS-004,S04,2026-11-28 07:00,2026-12-03 17:00,,Dale Whitfield,tentative,
BK-1668,BL-007,S07,11/21/2026 06:00 AM,12/06/2026 05:00 PM,OP036,Tanya Ruiz,tentative,confirm w/ Marcus
BK-1669,DZ-003,S03,2026-10-05 07:00,2026-10-06 16:00,OP035,aisha,confirmed,swap w/ EX-004 if down
BK-1670,BL-005,S09,11/03/2026 08:00 AM,11/03/2026 04:00 PM,,Dale Whitfield,confirmed,
BK-1671,DZ-005,S11,2026-10-15 07:30,2026-10-16 17:00,OP002,Tanya Ruiz,tentative,swap w/ EX-004 if down
BK-1672,MC-004,S03,2026-11-27 07:00,2026-12-02 17:00,,aisha,confirmed,
BK-1673,EX009,S03,2026-11-01 08:30,2026-11-06 18:00,OP007,office,confirmed,confirm w/ Marcus
BK-1674,MC-004,S01,2026-11-01 08:30,2026-11-11 16:00,OP035,Dana W.,confirmed,delivery before 7am - gate code 4471
BK-1675,SL-004,S02,2026-11-27T11:30:00Z,2026-12-12T19:00:00Z,,Tanya Ruiz,tentative,
BK-1676,SS-008 ,S10,2026-11-23 08:30,2026-11-24 16:00,,Marcus Bell,tentative,
BK-1677,SL-002,S11,2026-11-10 06:30,2026-11-13 15:00,OP022,Hector,cancelled,CANCELLED?
BK-1678,BL-009,S01,2026-11-05 07:00,2026-11-10 15:00,OP011,Marcus Bell,tentative,confirm w/ Marcus
BK-1679,SL-004,S05,2026-12-21 07:00,2026-12-26 17:00,OP030,Dale Whitfield,tentative,
BK-1680,EX-001,S04,2026-10-08 07:00,2026-10-13 15:00,OP032,Greg H.,confirmed,CANCELLED?
BK-1681,DZ-004,S12,12/07/2026,12/10/2026,OP006,Greg H.,confirmed,confirm w/ Marcus
BK-1682,BL-004,S06,2026-10-29 07:00,2026-10-29 18:00,,aisha,confirmed,swap w/ EX-004 if down
BK-1683,BL-005,S03,2027-01-15 07:30,2027-01-16 16:00,OP022,Marcus Bell,tentative,delivery before 7am - gate code 4471
BK-1684,ss-005,S03,2026-10-12 07:00,2026-10-14 17:00,,Dale Whitfield,tentative,delivery before 7am - gate code 4471
BK-1685,MC-005,S03,2026-10-07 08:30,2026-10-12 18:00,OP037,office,confirmed,operator TBD
BK-1686,DZ-001,S11,2026-10-03 07:00,2026-10-06 18:00,OP015,Greg H.,confirmed,
BK-1687,TH-007,S02,2026-10-20 07:30,2026-10-30 17:00,OP040,Dana W.,confirmed,delivery before 7am - gate code 4471
BK-1688,BL-005,S02,2026-12-09 07:00,2026-12-12 18:00,OP032,office,confirmed,operator TBD
BK-1689,MC-001 ,S02,2026-10-30 08:30,2026-11-01 17:00,OP011,Greg H.,confirmed,
BK-1690,BL-007,S07,2027-01-06 07:00,2027-01-11 16:00,OP032,Hector,confirmed,need rigging crew
BK-1691,SL-008,S06,2026-12-18 06:00,2026-12-28 17:00,OP018,Tanya Ruiz,confirmed,CANCELLED?
BK-1692,ex-011,S06,2026-11-05 07:00,2026-11-10 16:00,,office,confirmed,swap w/ EX-004 if down
BK-1693,TH-005,S10,2026-10-22 07:00,2026-10-27 17:00,OP030,office,confirmed,operator TBD
BK-1694,SL-006,S07,2026-12-30 08:00,2026-12-30 17:00,OP017,office,confirmed,need rigging crew
BK-1695,DZ-003,S10,10/20/2026,10/25/2026,OP037,Dana W.,confirmed,swap w/ EX-004 if down
BK-1696,MC-002,S12,2026-12-25 06:30,2026-12-28 18:00,,Dale Whitfield,confirmed,
BK-1697,DZ-003,S05,2026-10-09 06:00,2026-10-11 17:00,OP004,Greg H.,confirmed,confirm w/ Marcus
BK-1698,EX-006,S09,2026-12-13 07:00,2026-12-13 15:00,OP023,Greg H.,tentative,swap w/ EX-004 if down
BK-1699,EX-012,S01,2027-01-17 07:00,2027-01-22 17:00,OP016,Marcus Bell,confirmed,confirm w/ Marcus
BK-1700,SL-006,S11,2026-10-09 07:30,2026-10-09 15:00,OP028,Hector,confirmed,need rigging crew
BK-1701,EX-009,S07,2026-12-03 07:30,2026-12-08 17:00,OP026,aisha,confirmed,operator TBD
BK-1702,TH-001,S03,2026-12-11 07:30,2026-12-16 16:00,OP022,Dana W.,confirmed,
BK-1703,EX-011,S04,2026-12-24 06:30,2026-12-29 17:00,OP013,Dale Whitfield,tentative,delivery before 7am - gate code 4471
BK-1704,EX-001,S07,2026-12-06 08:30,2026-12-08 18:00,OP025,Dale Whitfield,cancelled,CANCELLED?
BK-1705,DZ-004,S09,2026-10-24 07:30,2026-10-24 16:00,,Hector,tentative,
BK-1706,EX-001,S07,2026-12-11 07:00,2026-12-16 17:00,OP025,office,confirmed,confirm w/ Marcus
BK-1707,TH-003,S03,2026-10-22 07:00,2026-10-27 17:00,OP019,Dale Whitfield,tentative,
BK-1708,MC-005,S02,2027-01-10 07:30,2027-01-15 17:00,OP037,Dana W.,cancelled,CANCELLED?
BK-1709,EX-005,S03,2026-11-12 08:30,2026-11-22 18:00,OP025,Greg H.,confirmed,delivery before 7am - gate code 4471
BK-1710,TH-001,S04,2026-10-12 07:00,2026-10-14 16:00,OP020,office,tentative,operator TBD
BK-1711,th-004,S10,11/15/2026,11/17/2026,OP031,aisha,tentative,need rigging crew
BK-1712,DZ-003,S12,2026-11-06 07:30,2026-11-08 17:00,,Tanya Ruiz,confirmed,confirm w/ Marcus
BK-1713,DZ-002,S11,2026-12-20 08:30,2026-12-25 18:00,,Greg H.,confirmed,
BK-1714,TH-001,S08,10/21/2026 07:00 AM,10/26/2026 05:00 PM,OP019,Dale Whitfield,tentative,confirm w/ Marcus
BK-1715,DZ-001,S10,2026-12-08 07:00,2026-12-13 18:00,OP025,Dale Whitfield,confirmed,swap w/ EX-004 if down
BK-1716,EX-006,S01,2026-12-20 07:00,2026-12-30 18:00,OP007,aisha,tentative,operator TBD
BK-1717,SL-007,S08,01/11/2027 06:00 AM,01/16/2027 06:00 PM,,Hector,confirmed,delivery before 7am - gate code 4471
BK-1718,EX-005,S03,2026-09-29 07:00,2026-10-04 17:00,OP013,Marcus Bell,confirmed,confirm w/ Marcus
BK-1719,EX-001,S10,2026-10-19 02:00,2026-10-21 02:00,,Tanya Ruiz,confirmed,delivery before 7am - gate code 4471
BK-1720,SL-002,S07,2027-01-02 07:00,2027-01-05 18:00,OP022,aisha,tentative,confirm w/ Marcus
BK-1721,TH-001,S01,2026-11-20 07:00,2026-12-05 17:00,OP017,office,confirmed,
BK-1722,SS-001,S04,2026-10-29T11:00:00Z,2026-10-30T21:00:00Z,,Hector,confirmed,
BK-1723,TC-003,S09,2026-10-21 07:00,2026-10-21 17:00,,aisha,tentative,
BK-1724,BL-003,S07,11/23/2026 08:00 AM,11/25/2026 04:00 PM,,Greg H.,confirmed,operator TBD
BK-1725,TH-006,S02,2027-01-09 07:00,2027-01-19 16:00,OP024,Greg H.,confirmed,
BK-1726,EX-007,S06,2026-10-13 07:00,2026-10-28 17:00,OP006,Hector,tentative,
BK-1727,MC-001,S12,2026-12-13 06:00,2026-12-16 17:00,OP037,Hector,confirmed,
BK-1728,EX-008,S11,2026-11-02 08:00,2026-11-02 16:00,OP015,Greg H.,confirmed,swap w/ EX-004 if down
BK-1729,TH-004,S10,2026-12-04 07:00,2026-12-09 17:00,OP031,Marcus Bell,confirmed,
BK-1730,DZ-005,S04,2026-10-26 07:00,2026-10-26 17:00,OP037,Tanya Ruiz,tentative,CANCELLED?
BK-1731,DZ-005,S11,2026-10-01 07:00,2026-10-11 18:00,OP028,Marcus Bell,cancelled,CANCELLED?
BK-1732,SL-002,S07,2026-10-24 07:30,2026-10-29 17:00,OP016,office,confirmed,
BK-1733,SS-001,S03,11/24/2026 07:30 AM,12/09/2026 06:00 PM,,office,confirmed,
BK-1734,MC-003,S06,2026-12-27 07:00,2027-01-01 15:00,OP019,Tanya Ruiz,tentative,delivery before 7am - gate code 4471
BK-1735,SS-008,S05,2026-11-30 06:00,2026-12-01 15:00,,Greg H.,confirmed,swap w/ EX-004 if down
BK-1736,SL-002,S10,2026-11-01 08:00,2026-11-01 17:00,OP016,Hector,confirmed,
BK-1737,EX010,S01,2026-10-10 07:00,2026-10-12 16:00,OP032,Hector,tentative,
BK-1738,EX-009,S05,2026-10-04 07:00,2026-10-04 16:00,OP032,Hector,confirmed,operator TBD
BK-1739,DZ-005,S10,2027-01-03 07:00,2027-01-13 17:00,OP009,Marcus Bell,confirmed,need rigging crew
BK-1740,SS-003,S05,2026-12-01 07:00,2026-12-11 17:00,,aisha,confirmed,need rigging crew
BK-1741,TH-006,S02,10/15/2026 07:00 AM,10/15/2026 03:00 PM,OP007,Greg H.,confirmed,need rigging crew
BK-1742,TH-005,S01,2026-10-16 06:00,2026-10-17 16:00,OP031,Greg H.,confirmed,delivery before 7am - gate code 4471
BK-1743,TC-001,S02,2026-11-17 07:00,2026-11-22 18:00,OP018,office,confirmed,
