operator_id,first_name,last_name,phone,email,date_of_birth,ssn_last4,emergency_contact,union_local,certifications,home_region
OP001,James,Garcia,(757) 555-5291,james.garcia@lumen-builders.example,1975-12-15,9038,Travis Garcia (804) 555-2832,IUOE Local 147,OSHA 30 (exp 2026-01-01),Tennessee
OP002,Luis,Hernandez,(757) 555-1685,luis.hernandez@lumen-builders.example,1984-06-26,0653,Bill Hernandez (757) 555-5088,IUOE Local 147,Dozer Operator (exp 2027-09-05),South
OP003,Kevin,Thompson,(804) 555-7267,kevin.thompson@lumen-builders.example,1967-08-08,3269,Eddie Thompson (704) 555-6000,IUOE Local 369,Excavator Operator (exp 2026-07-01); Aerial Lift (exp 2028-06-26); OSHA 30 (exp 2028-12-26); NCCCO Tower Crane (exp 03/26/2026),West
OP004,Tyrone,Johnson,(615) 555-6425,tyrone.johnson@lumen-builders.example,1966-02-09,2925,Vince Johnson (704) 555-1626,IUOE Local 147,OSHA 30 (exp 2026-02-25); Dozer Operator (exp 2026-11-17),Carolinas
OP005,Maria,Jackson,(757) 555-6967,maria.jackson@lumen-builders.example,1992-02-22,5409,Zeke Jackson (704) 555-3041,non-union,Dozer Operator (exp 02/13/2027); OSHA 30 (exp 05/02/2026); Telehandler (exp 01/17/2027),Carolinas
OP006,Derek,Moore,(434) 555-5700,derek.moore@lumen-builders.example,1978-07-26,9502,Walt Moore (704) 555-8618,non-union,Dozer Operator (exp 2027-03-07); OSHA 30 (exp 07/22/2028); First Aid/CPR (exp 2026-10-19); Excavator Operator (exp 2027-09-27),East
OP007,Shawn,Miller,(804) 555-8461,shawn.miller@lumen-builders.example,1991-11-19,3185,Omar Miller (615) 555-7547,IUOE Local 369,Excavator Operator (exp 2028-11-20); NCCCO Tower Crane (exp 2025-04-22); First Aid/CPR (exp 2026-04-05); Telehandler (exp 04/16/2025),West
OP008,Ana,Johnson,(615) 555-8611,ana.johnson@lumen-builders.example,1968-09-08,1988,Eddie Johnson (757) 555-8612,non-union,OSHA 30 (exp 03/26/2026),East
OP009,Robert,Robinson,(757) 555-5451,robert.robinson@lumen-builders.example,1986-06-18,1320,Robert Robinson (757) 555-4788,non-union,First Aid/CPR (exp 2027-08-09); OSHA 10 (exp 05/25/2028); NCCCO Tower Crane (exp 2027-11-08); Dozer Operator (exp 2027-02-23),Tennessee
OP010,Chris,Hernandez,(704) 555-1320,chris.hernandez@lumen-builders.example,1989-08-01,5763,Ramon Hernandez (615) 555-7865,IUOE Local 369,NCCCO Tower Crane (exp 2027-06-18); OSHA 30 (exp 2027-01-07),East
OP011,Jose,Lopez,(704) 555-1444,jose.lopez@lumen-builders.example,1970-11-14,2223,Eddie Lopez (757) 555-1823,non-union,OSHA 30 (exp 06/22/2027); OSHA 10 (exp 2027-12-06); NCCCO Mobile Crane (exp 2026-10-18),East
OP012,Brandon,Taylor,(615) 555-1853,brandon.taylor@lumen-builders.example,1987-04-21,1124,Kevin Taylor (804) 555-5051,IUOE Local 369,OSHA 10 (exp 2026-07-09); Dozer Operator (exp 2026-02-16),Central
OP013,Terrell,Robinson,(434) 555-3749,terrell.robinson@lumen-builders.example,1972-03-10,1771,Vince Robinson (804) 555-6111,non-union,Aerial Lift (exp 11/04/2027); Excavator Operator (exp 2026-08-23),East
OP014,Mike,Miller,(615) 555-2983,mike.miller@lumen-builders.example,1967-06-18,7018,Nate Miller (804) 555-9289,non-union,Aerial Lift (exp 2025-12-25),Central
OP015,Juan,Jackson,(615) 555-5397,juan.jackson@lumen-builders.example,1985-04-27,1419,Hector Jackson (615) 555-4995,non-union,NCCCO Tower Crane (exp 2027-12-05); OSHA 30 (exp 12/17/2026); Excavator Operator (exp 10/26/2026); Dozer Operator (exp 08/14/2027),Carolinas
OP016,Kyle,Robinson,(704) 555-9004,kyle.robinson@lumen-builders.example,2000-04-23,7800,Frank Robinson (615) 555-1282,IUOE Local 147,Dozer Operator (exp 2026-08-07); NCCCO Mobile Crane (exp 06/09/2026); Aerial Lift (exp 2028-05-18); Excavator Operator (exp 2027-04-03),South
OP017,Dwayne,Lopez,(804) 555-4155,dwayne.lopez@lumen-builders.example,1985-02-24,8779,Brandon Lopez (757) 555-4545,non-union,Aerial Lift (exp 08/18/2026); Telehandler (exp 07/24/2026); Dozer Operator (exp 2026-06-23); OSHA 10 (exp 2026-05-09),South
OP018,Hector,Martinez,(434) 555-3068,hector.martinez@lumen-builders.example,1996-02-28,0200,Tony Martinez (704) 555-8690,non-union,NCCCO Tower Crane (exp 2026-06-06); Aerial Lift (exp 2025-12-18); Excavator Operator (exp 01/02/2026),East
OP019,Paul,Taylor,(804) 555-3485,paul.taylor@lumen-builders.example,1974-10-10,1395,Kyle Taylor (804) 555-7818,IUOE Local 369,NCCCO Mobile Crane (exp 2027-02-27); Telehandler (exp 08/03/2027),Carolinas
OP020,Ramon,Thomas,(757) 555-2229,ramon.thomas@lumen-builders.example,1975-01-14,7381,Walt Thomas (615) 555-5771,IUOE Local 147,OSHA 10 (exp 05/19/2027); Telehandler (exp 2025-10-24); OSHA 30 (exp 2026-11-07); First Aid/CPR (exp 2028-02-06),West
OP021,Steve,Moore,(757) 555-5352,steve.moore@lumen-builders.example,1974-02-02,2718,Ramon Moore (704) 555-8195,IUOE Local 147,OSHA 10 (exp 05/26/2026); NCCCO Tower Crane (exp 2027-11-26); Dozer Operator (exp 2027-02-18),East
OP022,Carlos,Moore,(434) 555-1659,carlos.moore@lumen-builders.example,1976-08-17,7245,Hector Moore (757) 555-8141,non-union,Telehandler (exp 01/14/2027); OSHA 10 (exp 2026-10-09); Aerial Lift (exp 04/22/2025); NCCCO Mobile Crane (exp 01/25/2027),Central
OP023,Bill,Harris,(804) 555-8451,bill.harris@lumen-builders.example,1970-06-09,5296,Ana Harris (615) 555-9431,IUOE Local 147,OSHA 30 (exp 2028-02-28); Dozer Operator (exp 2026-07-23); Excavator Operator (exp 11/13/2026),Tennessee
OP024,Nate,Thompson,(804) 555-1472,nate.thompson@lumen-builders.example,1980-12-06,5091,Sam Thompson (804) 555-7684,IUOE Local 147,OSHA 30 (exp 2026-10-25); NCCCO Mobile Crane (exp 2028-08-25); NCCCO Tower Crane (exp 2026-05-18); Telehandler (exp 2026-08-23),West
OP025,Omar,Brown,(757) 555-2143,omar.brown@lumen-builders.example,1982-07-11,8318,Hector Brown (804) 555-5634,non-union,NCCCO Tower Crane (exp 2026-09-23); Excavator Operator (exp 2027-08-16); Aerial Lift (exp 2027-09-05); Dozer Operator (exp 10/17/2026),Carolinas
OP026,Ray,Martinez,(704) 555-7246,ray.martinez@lumen-builders.example,1989-11-26,2492,Frank Martinez (804) 555-3068,non-union,Excavator Operator (exp 06/18/2026); OSHA 10 (exp 2027-08-11); Telehandler (exp 2028-04-19); Aerial Lift (exp 2026-07-02),Central
OP027,Ian,White,(704) 555-3529,ian.white@lumen-builders.example,1969-08-26,4342,Carlos White (615) 555-2315,non-union,First Aid/CPR (exp 2027-01-24),Tennessee
OP028,Travis,Thompson,(704) 555-3725,travis.thompson@lumen-builders.example,1984-01-02,5314,Tyrone Thompson (704) 555-6873,non-union,Dozer Operator (exp 2025-10-03); OSHA 10 (exp 2028-11-10); OSHA 30 (exp 2028-02-14); Telehandler (exp 2028-12-28),East
OP029,Wes,Hernandez,(704) 555-4945,wes.hernandez@lumen-builders.example,1996-10-05,3804,Eddie Hernandez (704) 555-8529,non-union,First Aid/CPR (exp 2027-11-26); OSHA 30 (exp 03/03/2026),Tennessee
OP030,Eddie,Johnson,(434) 555-5847,eddie.johnson@lumen-builders.example,1983-01-27,6484,Hector Johnson (804) 555-1803,non-union,Telehandler (exp 10/10/2026); Excavator Operator (exp 2027-12-09); NCCCO Mobile Crane (exp 2026-04-13); Aerial Lift (exp 04/13/2025),South
OP031,Cody,Lopez,(804) 555-6061,cody.lopez@lumen-builders.example,1993-01-19,5977,Robert Lopez (804) 555-5835,non-union,Aerial Lift (exp 11/25/2026); First Aid/CPR (exp 2028-11-27); Telehandler (exp 02/21/2028),Tennessee
OP032,Frank,Jackson,(434) 555-6549,frank.jackson@lumen-builders.example,1972-08-03,2306,Juan Jackson (615) 555-6992,IUOE Local 147,Aerial Lift (exp 06/17/2027); Excavator Operator (exp 2026-03-09),East
OP033,Lamar,Johnson,(704) 555-1410,lamar.johnson@lumen-builders.example,2000-06-20,3626,Maria Johnson (615) 555-5951,non-union,First Aid/CPR (exp 11/24/2026); NCCCO Tower Crane (exp 10/13/2026); Aerial Lift (exp 2026-02-22),Central
OP034,Pedro,Hernandez,(757) 555-9807,pedro.hernandez@lumen-builders.example,1973-07-15,6078,Rick Hernandez (615) 555-3531,non-union,NCCCO Mobile Crane (exp 2026-08-04),Tennessee
OP035,Rick,Brown,(804) 555-8450,rick.brown@lumen-builders.example,1970-11-07,9783,Luis Brown (804) 555-6464,IUOE Local 369,OSHA 30 (exp 2026-04-15); Telehandler (exp 06/04/2026); NCCCO Mobile Crane (exp 2026-09-21); Dozer Operator (exp 2025-07-09),West
OP036,Sam,Martinez,(804) 555-5542,sam.martinez@lumen-builders.example,1974-03-18,4106,Brandon Martinez (804) 555-1422,IUOE Local 369,NCCCO Tower Crane (exp 2027-04-27); Aerial Lift (exp 03/26/2026),Central
OP037,Tony,Anderson,(804) 555-8802,tony.anderson@lumen-builders.example,1993-06-17,9726,Shawn Anderson (615) 555-9254,IUOE Local 369,Dozer Operator (exp 2026-05-02); NCCCO Mobile Crane (exp 2028-07-17),Carolinas
OP038,Vince,Garcia,(757) 555-2076,vince.garcia@lumen-builders.example,1973-05-20,9590,Sam Garcia (704) 555-7240,non-union,OSHA 10 (exp 07/14/2027); NCCCO Mobile Crane (exp 2025-08-23); First Aid/CPR (exp 02/11/2025),East
OP039,Walt,Martin,(434) 555-5176,walt.martin@lumen-builders.example,1988-03-22,7770,Maria Martin (804) 555-2398,IUOE Local 147,NCCCO Tower Crane (exp 2028-09-24); First Aid/CPR (exp 2027-08-08); OSHA 30 (exp 2026-08-13); Dozer Operator (exp 2028-02-11),East
OP040,Zeke,Brown,(615) 555-6119,zeke.brown@lumen-builders.example,1987-02-19,8313,Mike Brown (757) 555-8900,IUOE Local 369,Excavator Operator (exp 09/11/2027); NCCCO Mobile Crane (exp 07/12/2025); Telehandler (exp 2027-12-02),Central
